time,symbol,dir,entry,exit,qty,pnl_pct,pnl_dollar,reason,equity,trades,wr,dd
2026-08-19T14:00:53.431921,BTCUSDT,long,63662.59,64935.84,0.047123,0.0200,60.00,TP,100060.00,1,100.0,0.0007
2026-08-19T14:17:32.123708,ETHUSDT,long,1902.61,1938.49,1.576781,0.0189,56.57,TIMEOUT,100116.57,2,100.0,0.0002
2026-08-19T14:18:35.305694,BTCUSDT,long,65038.01,65411.99,0.046155,0.0058,17.26,TIMEOUT,100133.84,3,100.0,0.0000
2026-08-19T15:04:55.095293,ETHUSDT,long,1938.49,1977.26,1.549400,0.0200,60.07,TP,100193.91,4,100.0,0.0003
2026-08-19T15:16:09.948095,BTCUSDT,long,65411.99,66720.23,0.045925,0.0200,60.08,TP,100253.99,5,100.0,0.0000
2026-08-19T17:20:55.766422,ETHUSDT,long,2101.00,2071.99,1.431518,-0.0138,-41.53,TIMEOUT,100212.46,6,83.3,0.0006
2026-08-19T17:31:12.263978,BTCUSDT,long,68572.20,67908.23,0.043861,-0.0097,-29.12,TIMEOUT,100183.34,7,71.4,0.0008
2026-08-19T18:38:52.614046,ETHUSDT,long,2071.99,2087.37,1.450960,0.0074,22.32,TIMEOUT,100205.65,8,75.0,0.0006
2026-08-19T18:51:02.608985,BTCUSDT,long,67908.23,68408.66,0.044258,0.0074,22.15,TIMEOUT,100227.80,9,77.8,0.0004
2026-08-19T19:57:55.411214,ETHUSDT,long,2087.37,2104.18,1.440171,0.0081,24.21,TIMEOUT,100252.01,10,80.0,0.0002
2026-08-19T20:09:12.998871,BTCUSDT,long,68408.66,68614.55,0.043954,0.0030,9.05,TIMEOUT,100261.06,11,81.8,0.0001
2026-08-19T20:51:30.538011,ETHUSDT,long,2104.18,2146.26,1.429327,0.0200,60.15,TP,100321.21,12,83.3,0.0000
2026-08-19T21:05:53.570749,ETHUSDT,long,2212.84,2257.10,1.360079,0.0200,60.19,TP,100381.40,13,84.6,0.0003
2026-08-19T21:07:58.368855,ETHUSDT,long,2258.08,2303.24,1.333629,0.0200,60.23,TP,100441.63,14,85.7,0.0000
2026-08-19T21:13:07.233057,ETHUSDT,long,2314.60,2268.31,1.301844,-0.0200,-60.26,SL,100381.37,15,80.0,0.0011
2026-08-19T21:26:26.719696,BTCUSDT,long,68614.55,69562.00,0.043837,0.0138,41.53,TIMEOUT,100422.90,16,81.2,0.0007
2026-08-19T21:30:33.569623,ETHUSDT,long,2244.18,2289.06,1.341889,0.0200,60.23,TP,100483.13,17,82.4,0.0001
2026-08-19T22:34:02.428062,ETHUSDT,long,2289.98,2244.18,1.316384,-0.0200,-60.29,SL,100422.84,18,77.8,0.0009
2026-08-19T22:43:13.717264,BTCUSDT,long,69562.00,69384.01,0.043309,-0.0026,-7.71,TIMEOUT,100415.13,19,73.7,0.0009
2026-08-19T23:50:26.588753,ETHUSDT,long,2243.34,2249.01,1.342946,0.0025,7.61,TIMEOUT,100422.74,20,75.0,0.0009
2026-08-19T23:59:38.485677,BTCUSDT,long,69384.01,69334.55,0.043417,-0.0007,-2.15,TIMEOUT,100420.60,21,71.4,0.0009
2026-08-20T01:06:52.904067,ETHUSDT,long,2249.01,2261.71,1.339559,0.0056,17.01,TIMEOUT,100437.61,22,72.7,0.0007
2026-08-20T01:16:03.783688,BTCUSDT,long,69334.55,69361.99,0.043450,0.0004,1.19,TIMEOUT,100438.80,23,73.9,0.0007
2026-08-20T02:23:28.538675,ETHUSDT,long,2261.71,2261.20,1.332235,-0.0002,-0.68,TIMEOUT,100438.12,24,70.8,0.0007
2026-08-20T02:32:40.690967,BTCUSDT,long,69361.99,69475.19,0.043441,0.0016,4.92,TIMEOUT,100443.04,25,72.0,0.0007
2026-08-20T03:39:56.379119,ETHUSDT,long,2261.20,2246.01,1.332542,-0.0067,-20.24,TIMEOUT,100422.80,26,69.2,0.0009
2026-08-20T03:49:07.561476,BTCUSDT,long,69475.19,69250.00,0.043372,-0.0032,-9.77,TIMEOUT,100413.03,27,66.7,0.0010
2026-08-20T04:56:25.054900,ETHUSDT,long,2246.01,2251.94,1.341349,0.0026,7.95,TIMEOUT,100420.99,28,67.9,0.0009
2026-08-20T05:05:37.820977,BTCUSDT,long,69250.00,69500.99,0.043500,0.0036,10.92,TIMEOUT,100431.90,29,69.0,0.0008
2026-08-20T06:12:57.252604,ETHUSDT,long,2251.94,2243.13,1.337793,-0.0039,-11.79,TIMEOUT,100420.12,30,66.7,0.0009
2026-08-20T06:22:10.471105,BTCUSDT,long,69500.99,69629.74,0.043351,0.0019,5.58,TIMEOUT,100425.70,31,67.7,0.0008
2026-08-20T07:29:26.983213,ETHUSDT,long,2243.13,2254.71,1.343036,0.0052,15.55,TIMEOUT,100441.25,32,68.8,0.0007
2026-08-20T07:38:40.052240,BTCUSDT,long,69629.74,69579.99,0.043268,-0.0007,-2.15,TIMEOUT,100439.10,33,66.7,0.0007
2026-08-20T08:12:19.828226,BTCUSDT,long,69579.99,70971.59,0.043305,0.0200,60.26,TP,100499.36,34,67.6,0.0002
2026-08-20T08:47:15.258425,ETHUSDT,long,2254.71,2279.43,1.336419,0.0110,33.04,TIMEOUT,100532.40,35,68.6,0.0001
2026-08-20T09:29:04.592161,BTCUSDT,long,71144.01,71900.01,0.042379,0.0106,32.04,TIMEOUT,100564.44,36,69.4,0.0003
2026-08-20T10:03:48.176986,ETHUSDT,long,2279.43,2279.85,1.323125,0.0002,0.56,TIMEOUT,100564.99,37,70.3,0.0003
2026-08-20T10:59:38.547573,BTCUSDT,long,71900.01,71978.04,0.041960,0.0011,3.27,TIMEOUT,100568.27,38,71.1,0.0003
2026-08-20T11:34:25.530399,ETHUSDT,long,2279.85,2304.09,1.323311,0.0106,32.08,TIMEOUT,100600.34,39,71.8,0.0001
2026-08-20T12:16:28.215794,BTCUSDT,long,71978.04,71791.99,0.041916,-0.0026,-7.80,TIMEOUT,100592.55,40,70.0,0.0004
2026-08-20T12:51:16.926476,ETHUSDT,long,2304.09,2281.90,1.309849,-0.0096,-29.07,TIMEOUT,100563.48,41,68.3,0.0006
2026-08-20T13:33:05.045923,BTCUSDT,long,71791.99,71629.78,0.042035,-0.0023,-6.82,TIMEOUT,100556.66,42,66.7,0.0007
2026-08-20T14:59:51.825971,ETHUSDT,long,2281.90,2280.52,1.322102,-0.0006,-1.82,TIMEOUT,100554.84,43,65.1,0.0007
2026-08-20T15:41:43.258776,BTCUSDT,long,71629.78,72280.00,0.042115,0.0091,27.38,TIMEOUT,100582.22,44,65.9,0.0006
2026-08-20T15:51:56.849508,ETHUSDT,long,2280.52,2326.13,1.322788,0.0200,60.33,TP,100642.55,45,66.7,0.0000
2026-08-20T16:58:18.640193,BTCUSDT,long,72280.00,72758.00,0.041747,0.0066,19.96,TIMEOUT,100662.51,46,67.4,0.0003
2026-08-20T17:08:32.828717,ETHUSDT,long,2329.02,2339.47,1.296372,0.0045,13.55,TIMEOUT,100676.06,47,68.1,0.0002
2026-08-20T18:14:52.843999,BTCUSDT,long,72758.00,72619.61,0.041506,-0.0019,-5.74,TIMEOUT,100670.31,48,66.7,0.0003
2026-08-20T18:25:05.246206,ETHUSDT,long,2339.47,2332.59,1.291011,-0.0029,-8.88,TIMEOUT,100661.43,49,65.3,0.0003
2026-08-20T19:31:26.477612,BTCUSDT,long,72619.61,72633.99,0.041588,0.0002,0.60,TIMEOUT,100662.03,50,66.0,0.0003
2026-08-20T19:41:39.967957,ETHUSDT,long,2332.59,2331.21,1.294631,-0.0006,-1.79,TIMEOUT,100660.24,51,64.7,0.0004
2026-08-20T20:47:52.231926,BTCUSDT,long,72633.99,72735.08,0.041576,0.0014,4.20,TIMEOUT,100664.44,52,65.4,0.0003
2026-08-20T20:58:05.032921,ETHUSDT,long,2331.21,2319.15,1.295382,-0.0052,-15.62,TIMEOUT,100648.82,53,64.2,0.0005
2026-08-20T22:04:13.936247,BTCUSDT,long,72735.08,72535.38,0.041520,-0.0027,-8.29,TIMEOUT,100640.53,54,63.0,0.0005
2026-08-20T22:14:26.636476,ETHUSDT,long,2319.15,2312.81,1.301970,-0.0027,-8.25,TIMEOUT,100632.28,55,61.8,0.0006
2026-08-21T00:10:48.521140,BTCUSDT,long,72535.38,73338.00,0.041624,0.0111,33.41,TIMEOUT,100665.68,56,62.5,0.0003
2026-08-21T00:22:02.024640,ETHUSDT,long,2315.65,2340.75,1.303724,0.0108,32.72,TIMEOUT,100698.41,57,63.2,0.0001
2026-08-21T01:27:29.109569,BTCUSDT,long,73338.00,74695.31,0.041179,0.0185,55.89,TIMEOUT,100754.30,58,63.8,0.0003
2026-08-21T01:38:44.554165,ETHUSDT,long,2340.75,2355.33,1.290592,0.0062,18.82,TIMEOUT,100773.12,59,64.4,0.0002
2026-08-21T02:44:00.283550,BTCUSDT,long,74695.31,74713.86,0.040466,0.0002,0.75,TIMEOUT,100773.87,60,65.0,0.0006
2026-08-21T02:55:13.369907,ETHUSDT,long,2355.33,2346.35,1.283554,-0.0038,-11.53,TIMEOUT,100762.34,61,63.9,0.0007
2026-08-21T04:00:28.443042,BTCUSDT,long,74713.86,74604.07,0.040464,-0.0015,-4.44,TIMEOUT,100757.90,62,62.9,0.0008
2026-08-21T04:11:43.165880,ETHUSDT,long,2346.35,2345.49,1.288329,-0.0004,-1.11,TIMEOUT,100756.79,63,61.9,0.0008
2026-08-21T06:06:58.086556,BTCUSDT,long,74604.07,75458.00,0.040517,0.0114,34.60,TIMEOUT,100791.39,64,62.5,0.0004
2026-08-21T06:19:14.304784,ETHUSDT,long,2354.54,2364.42,1.283777,0.0042,12.68,TIMEOUT,100804.07,65,63.1,0.0003
2026-08-21T07:23:29.222126,BTCUSDT,long,75458.00,76335.35,0.040072,0.0116,35.16,TIMEOUT,100839.23,66,63.6,0.0005
2026-08-21T07:35:44.202387,ETHUSDT,long,2364.42,2375.23,1.279012,0.0046,13.83,TIMEOUT,100853.06,67,64.2,0.0004
2026-08-21T08:39:58.280272,BTCUSDT,long,76335.35,77525.18,0.039630,0.0156,47.15,TIMEOUT,100900.21,68,64.7,0.0004
2026-08-21T08:47:08.164959,ETHUSDT,long,2375.23,2422.73,1.273810,0.0200,60.51,TP,100960.72,69,65.2,0.0000
2026-08-21T08:58:22.275783,BTCUSDT,long,77525.18,79075.68,0.039045,0.0200,60.54,TP,101021.26,70,65.7,0.0001
2026-08-21T10:03:43.022625,ETHUSDT,long,2426.23,2397.20,1.248365,-0.0120,-36.24,TIMEOUT,100985.02,71,64.8,0.0006
2026-08-21T10:14:59.422853,BTCUSDT,long,79080.08,78052.45,0.038324,-0.0130,-39.38,TIMEOUT,100945.64,72,63.9,0.0010
2026-08-21T11:20:38.563952,ETHUSDT,long,2397.20,2377.25,1.263787,-0.0083,-25.21,TIMEOUT,100920.43,73,63.0,0.0013
2026-08-21T12:21:55.878440,BTCUSDT,long,78052.45,76748.49,0.038799,-0.0167,-50.59,TIMEOUT,100869.83,74,62.2,0.0018
2026-08-21T13:28:31.727252,ETHUSDT,long,2374.17,2390.09,1.275230,0.0067,20.30,TIMEOUT,100890.14,75,62.7,0.0016
2026-08-21T13:38:46.701048,BTCUSDT,long,76748.49,76765.99,0.039429,0.0002,0.69,TIMEOUT,100890.83,76,63.2,0.0016
2026-08-21T14:45:06.057791,ETHUSDT,long,2390.09,2387.32,1.266356,-0.0012,-3.51,TIMEOUT,100887.32,77,62.3,0.0016
2026-08-21T14:55:21.183103,BTCUSDT,long,76765.99,77276.00,0.039428,0.0066,20.11,TIMEOUT,100907.43,78,62.8,0.0014
2026-08-21T16:01:52.592380,ETHUSDT,long,2387.32,2394.38,1.267790,0.0030,8.95,TIMEOUT,100916.38,79,63.3,0.0013
2026-08-21T16:12:07.622289,BTCUSDT,long,77276.00,76999.36,0.039174,-0.0036,-10.84,TIMEOUT,100905.54,80,62.5,0.0014
2026-08-21T17:18:33.692253,ETHUSDT,long,2394.38,2413.88,1.264416,0.0081,24.66,TIMEOUT,100930.20,81,63.0,0.0012
2026-08-21T17:28:47.798497,BTCUSDT,long,76999.36,77498.01,0.039314,0.0065,19.60,TIMEOUT,100949.80,82,63.4,0.0010
2026-08-21T18:35:11.923559,ETHUSDT,long,2413.88,2424.93,1.254373,0.0046,13.86,TIMEOUT,100963.66,83,63.9,0.0008
2026-08-21T18:45:26.856537,BTCUSDT,long,77498.01,76780.58,0.039078,-0.0093,-28.04,TIMEOUT,100935.62,84,63.1,0.0011
2026-08-21T19:52:19.354286,ETHUSDT,long,2424.93,2416.73,1.249071,-0.0034,-10.24,TIMEOUT,100925.38,85,62.4,0.0012
2026-08-21T20:02:36.022583,BTCUSDT,long,76780.58,76961.99,0.039438,0.0024,7.15,TIMEOUT,100932.54,86,62.8,0.0011
2026-08-21T21:09:10.001426,ETHUSDT,long,2416.73,2436.92,1.252834,0.0084,25.29,TIMEOUT,100957.83,87,63.2,0.0009
2026-08-21T21:19:23.893109,BTCUSDT,long,76961.99,77669.23,0.039344,0.0092,27.83,TIMEOUT,100985.66,88,63.6,0.0006
2026-08-21T21:28:36.650977,ETHUSDT,long,2436.92,2485.66,1.242854,0.0200,60.57,TP,101046.23,89,64.0,0.0002
2026-08-21T22:07:24.848932,ETHUSDT,long,2485.66,2535.37,1.219550,0.0200,60.63,TP,101106.86,90,64.4,0.0002
2026-08-21T22:36:01.612269,BTCUSDT,long,77669.23,78319.67,0.039006,0.0084,25.37,TIMEOUT,101132.23,91,64.8,0.0002
2026-08-21T23:24:01.758215,ETHUSDT,long,2537.98,2537.02,1.195126,-0.0004,-1.15,TIMEOUT,101131.08,92,64.1,0.0002
2026-08-21T23:52:39.753825,BTCUSDT,long,78319.67,78274.00,0.038738,-0.0006,-1.77,TIMEOUT,101129.31,93,63.4,0.0002
2026-08-22T00:40:41.758862,ETHUSDT,long,2537.02,2511.17,1.195865,-0.0102,-30.91,TIMEOUT,101098.40,94,62.8,0.0005
2026-08-22T01:59:20.102647,BTCUSDT,long,78274.00,78014.00,0.038760,-0.0033,-10.08,TIMEOUT,101088.32,95,62.1,0.0006
2026-08-22T02:48:22.997643,ETHUSDT,long,2520.40,2505.28,1.203361,-0.0060,-18.19,TIMEOUT,101070.13,96,61.5,0.0008
2026-08-22T03:15:58.991138,BTCUSDT,long,78014.00,78451.79,0.038873,0.0056,17.02,TIMEOUT,101087.15,97,61.9,0.0007
2026-08-22T04:05:00.435804,ETHUSDT,long,2505.28,2513.96,1.210285,0.0035,10.51,TIMEOUT,101097.65,98,62.2,0.0005
2026-08-22T04:32:36.041328,BTCUSDT,long,78451.79,78636.00,0.038656,0.0023,7.12,TIMEOUT,101104.77,99,62.6,0.0005
2026-08-22T05:10:24.848673,ETHUSDT,long,2513.96,2463.68,1.206435,-0.0200,-60.66,SL,101044.11,100,62.0,0.0011
2026-08-22T05:11:27.851513,BTCUSDT,long,78636.00,77063.28,0.038572,-0.0200,-60.66,SL,100983.45,101,61.4,0.0017
2026-08-22T05:11:29.662547,ETHUSDT,long,2446.38,2397.45,1.239106,-0.0200,-60.63,SL,100922.82,102,60.8,0.0023
2026-08-22T07:19:10.482543,BTCUSDT,long,77352.21,77240.01,0.039142,-0.0015,-4.39,TIMEOUT,100918.43,103,60.2,0.0023
2026-08-22T07:19:11.483588,ETHUSDT,long,2438.04,2428.67,1.241852,-0.0038,-11.64,TIMEOUT,100906.80,104,59.6,0.0024
2026-08-22T08:35:51.562616,BTCUSDT,long,77240.01,77177.43,0.039192,-0.0008,-2.45,TIMEOUT,100904.34,105,59.0,0.0025
2026-08-22T08:35:52.415477,ETHUSDT,long,2428.67,2419.60,1.246445,-0.0037,-11.31,TIMEOUT,100893.04,106,58.5,0.0026
2026-08-22T10:43:37.964287,BTCUSDT,long,77221.88,77158.00,0.039196,-0.0008,-2.50,TIMEOUT,100890.54,107,57.9,0.0026
2026-08-22T10:43:39.796904,ETHUSDT,long,2424.91,2414.94,1.248208,-0.0041,-12.44,TIMEOUT,100878.09,108,57.4,0.0027
2026-08-22T12:51:25.670975,BTCUSDT,long,77091.53,77272.01,0.039256,0.0023,7.09,TIMEOUT,100885.18,109,57.8,0.0026
2026-08-22T12:51:26.690127,ETHUSDT,long,2418.24,2428.17,1.251465,0.0041,12.43,TIMEOUT,100897.60,110,58.2,0.0025
2026-08-22T14:08:22.334567,BTCUSDT,long,77272.01,77038.01,0.039172,-0.0030,-9.17,TIMEOUT,100888.44,111,57.7,0.0026
2026-08-22T14:08:23.365441,ETHUSDT,long,2428.17,2416.34,1.246588,-0.0049,-14.75,TIMEOUT,100873.69,112,57.1,0.0028
2026-08-22T15:25:18.803245,BTCUSDT,long,77038.01,77007.09,0.039282,-0.0004,-1.21,TIMEOUT,100872.47,113,56.6,0.0028
2026-08-22T15:25:19.751914,ETHUSDT,long,2416.34,2409.92,1.252394,-0.0027,-8.04,TIMEOUT,100864.43,114,56.1,0.0029
2026-08-22T17:33:07.962758,BTCUSDT,long,77100.00,77173.88,0.039247,0.0010,2.90,TIMEOUT,100867.33,115,56.5,0.0028
2026-08-22T17:33:08.985312,ETHUSDT,long,2417.83,2423.05,1.251508,0.0022,6.53,TIMEOUT,100873.87,116,56.9,0.0028
2026-08-22T18:50:06.884172,BTCUSDT,long,77173.88,77208.75,0.039213,0.0005,1.37,TIMEOUT,100875.23,117,57.3,0.0027
2026-08-22T18:50:07.967849,ETHUSDT,long,2423.05,2426.07,1.248928,0.0012,3.77,TIMEOUT,100879.01,118,57.6,0.0027
2026-08-22T20:06:54.881140,BTCUSDT,long,77208.75,77401.64,0.039197,0.0025,7.56,TIMEOUT,100886.57,119,58.0,0.0026
2026-08-22T20:06:55.833431,ETHUSDT,long,2426.07,2439.24,1.247437,0.0054,16.43,TIMEOUT,100903.00,120,58.3,0.0025
2026-08-22T21:23:42.924256,BTCUSDT,long,77401.64,77167.56,0.039109,-0.0030,-9.15,TIMEOUT,100893.84,121,57.9,0.0026
2026-08-22T21:23:43.954289,ETHUSDT,long,2439.24,2419.66,1.240997,-0.0080,-24.30,TIMEOUT,100869.54,122,57.4,0.0028
2026-08-22T22:40:28.632231,BTCUSDT,long,77167.56,76985.01,0.039214,-0.0024,-7.16,TIMEOUT,100862.38,123,56.9,0.0029
2026-08-22T22:40:29.628364,ETHUSDT,long,2419.66,2414.10,1.250625,-0.0023,-6.95,TIMEOUT,100855.43,124,56.5,0.0029
2026-08-23T00:48:07.372578,BTCUSDT,long,76967.45,77265.27,0.039311,0.0039,11.71,TIMEOUT,100867.14,125,56.8,0.0028
2026-08-23T00:48:08.310703,ETHUSDT,long,2418.50,2428.52,1.251049,0.0041,12.54,TIMEOUT,100879.67,126,57.1,0.0027
2026-08-23T02:04:47.947934,BTCUSDT,long,77265.27,77138.87,0.039169,-0.0016,-4.95,TIMEOUT,100874.72,127,56.7,0.0028
2026-08-23T02:04:48.785041,ETHUSDT,long,2428.52,2421.00,1.246187,-0.0031,-9.37,TIMEOUT,100865.35,128,56.2,0.0028
2026-08-23T03:21:26.560200,BTCUSDT,long,77138.87,77074.19,0.039227,-0.0008,-2.54,TIMEOUT,100862.81,129,55.8,0.0029
2026-08-23T03:21:27.415987,ETHUSDT,long,2421.00,2415.12,1.249880,-0.0024,-7.35,TIMEOUT,100855.46,130,55.4,0.0029
2026-08-23T05:29:07.492306,BTCUSDT,long,76859.99,76243.12,0.039366,-0.0080,-24.28,TIMEOUT,100831.18,131,55.0,0.0032
2026-08-23T05:29:09.312589,ETHUSDT,long,2409.63,2381.52,1.255655,-0.0117,-35.30,TIMEOUT,100795.88,132,54.5,0.0035
2026-08-23T07:37:02.665645,BTCUSDT,long,76270.75,76127.99,0.039647,-0.0019,-5.66,TIMEOUT,100790.22,133,54.1,0.0036
2026-08-23T07:37:03.634665,ETHUSDT,long,2387.08,2390.81,1.266768,0.0016,4.73,TIMEOUT,100794.95,134,54.5,0.0035
2026-08-23T08:53:57.285422,BTCUSDT,long,76127.99,76504.00,0.039721,0.0049,14.94,TIMEOUT,100809.88,135,54.8,0.0034
2026-08-23T08:53:58.296801,ETHUSDT,long,2390.81,2415.45,1.264780,0.0103,31.16,TIMEOUT,100841.05,136,55.1,0.0031
2026-08-23T10:10:47.808662,BTCUSDT,long,76504.00,76682.01,0.039543,0.0023,7.04,TIMEOUT,100848.09,137,55.5,0.0030
2026-08-23T10:10:48.939350,ETHUSDT,long,2415.45,2414.83,1.252450,-0.0003,-0.78,TIMEOUT,100847.31,138,55.1,0.0030
2026-08-23T11:27:46.114958,BTCUSDT,long,76682.01,77197.23,0.039454,0.0067,20.33,TIMEOUT,100867.64,139,55.4,0.0028
2026-08-23T11:27:47.138001,ETHUSDT,long,2414.83,2428.28,1.252850,0.0056,16.85,TIMEOUT,100884.49,140,55.7,0.0027
2026-08-23T12:44:35.002495,BTCUSDT,long,77197.23,77239.34,0.039205,0.0005,1.65,TIMEOUT,100886.14,141,56.0,0.0026
2026-08-23T12:44:35.934273,ETHUSDT,long,2428.28,2429.03,1.246370,0.0003,0.93,TIMEOUT,100887.08,142,56.3,0.0026
2026-08-23T13:19:26.553770,ETHUSDT,long,2429.03,2477.61,1.246017,0.0200,60.53,TP,100947.61,143,56.6,0.0020
2026-08-23T14:01:29.516564,BTCUSDT,long,77239.34,77547.20,0.039185,0.0040,12.06,TIMEOUT,100959.67,144,56.9,0.0019
2026-08-23T14:36:15.535784,ETHUSDT,long,2482.18,2453.13,1.220068,-0.0117,-35.44,TIMEOUT,100924.23,145,56.6,0.0023
2026-08-23T15:18:09.507058,BTCUSDT,long,77547.20,77118.01,0.039057,-0.0055,-16.76,TIMEOUT,100907.46,146,56.2,0.0024
2026-08-23T15:52:57.922843,ETHUSDT,long,2453.13,2443.93,1.234230,-0.0038,-11.35,TIMEOUT,100896.11,147,55.8,0.0025
2026-08-23T17:25:07.347343,BTCUSDT,long,77118.01,77298.83,0.039254,0.0023,7.10,TIMEOUT,100903.21,148,56.1,0.0025
2026-08-23T18:01:10.895889,ETHUSDT,long,2447.74,2440.84,1.236603,-0.0028,-8.53,TIMEOUT,100894.68,149,55.7,0.0026
2026-08-23T18:43:15.201136,BTCUSDT,long,77298.83,77343.38,0.039161,0.0006,1.74,TIMEOUT,100896.42,150,56.0,0.0025
2026-08-23T19:19:11.264174,ETHUSDT,long,2440.84,2444.78,1.240081,0.0016,4.89,TIMEOUT,100901.31,151,56.3,0.0025
2026-08-23T20:00:08.490482,BTCUSDT,long,77343.38,77338.01,0.039136,-0.0001,-0.21,TIMEOUT,100901.10,152,55.9,0.0025
2026-08-23T20:35:56.878001,ETHUSDT,long,2444.78,2447.82,1.238164,0.0012,3.76,TIMEOUT,100904.86,153,56.2,0.0025
2026-08-23T21:16:47.958368,BTCUSDT,long,77338.01,77918.71,0.039140,0.0075,22.73,TIMEOUT,100927.59,154,56.5,0.0022
