time,equity,effective_equity,trades,wr,cooldown
2026-09-12T05:41:30.067059,10.00,10.00,0,0.0,0
2026-09-12T05:42:41.344024,10.00,10.32,0,0.0,0
2026-09-12T05:43:28.064092,10.00,10.10,0,0.0,0
2026-09-12T05:44:25.691089,10.00,10.05,0,0.0,0
2026-09-12T05:45:15.385857,9.36,9.97,1,0.0,0
2026-09-12T05:46:08.199930,9.36,10.23,1,0.0,0
2026-09-12T05:46:44.479777,9.36,10.44,1,0.0,0
2026-09-12T05:47:26.985537,9.36,10.74,1,0.0,0
2026-09-12T05:48:04.129993,9.36,10.33,1,0.0,0
2026-09-12T05:48:44.999386,9.36,9.91,1,0.0,0
2026-09-12T05:49:30.196734,9.36,9.89,1,0.0,0
2026-09-12T05:50:30.262099,9.36,9.75,1,0.0,0
2026-09-12T05:51:27.925932,9.36,10.10,1,0.0,0
2026-09-12T05:52:07.152878,9.36,10.09,1,0.0,0
2026-09-12T05:52:48.309667,9.36,10.21,1,0.0,0
2026-09-12T05:53:40.501785,9.36,10.57,1,0.0,0
2026-09-12T05:54:54.625997,9.36,10.34,1,0.0,0
2026-09-12T05:56:15.632104,9.36,9.98,1,0.0,0
2026-09-12T05:57:45.873574,9.36,10.27,1,0.0,0
2026-09-12T05:59:02.332280,9.36,9.62,1,0.0,0
2026-09-12T06:00:32.793216,9.80,9.95,2,50.0,0
2026-09-12T06:02:26.288180,9.80,10.06,2,50.0,0
2026-09-12T06:03:53.989199,9.80,9.80,2,50.0,0
2026-09-12T06:05:34.059914,10.74,10.74,3,66.7,0
2026-09-12T06:06:56.921543,11.99,11.99,4,75.0,0
2026-09-12T06:07:54.702808,11.99,12.18,4,75.0,0
2026-09-12T06:09:13.202978,11.99,12.68,4,75.0,0
2026-09-12T06:10:43.049143,11.99,12.30,4,75.0,0
2026-09-12T06:11:49.053553,11.99,12.11,4,75.0,0
2026-09-12T06:12:30.931373,11.99,12.87,4,75.0,0
2026-09-12T06:14:01.135970,11.99,11.99,4,75.0,0
2026-09-12T06:15:20.061888,11.99,12.87,4,75.0,0
2026-09-12T06:16:23.919177,11.99,12.93,4,75.0,0
2026-09-12T06:17:46.690962,13.38,13.38,5,80.0,0
2026-09-12T06:19:31.423164,12.52,12.52,6,66.7,0
2026-09-12T06:20:53.469971,12.52,13.04,6,66.7,0
2026-09-12T06:21:55.211289,12.52,13.04,6,66.7,0
2026-09-12T06:22:41.422405,12.52,12.72,6,66.7,0
2026-09-12T06:23:59.068507,12.52,12.85,6,66.7,0
2026-09-12T06:25:28.764821,12.52,13.04,6,66.7,0
2026-09-12T06:27:33.000594,12.52,12.44,6,66.7,0
2026-09-12T06:29:20.338053,12.52,12.25,6,66.7,0
2026-09-12T06:30:19.257292,12.52,12.31,6,66.7,0
2026-09-12T06:31:13.224488,12.52,12.27,6,66.7,0
2026-09-12T06:32:56.161567,12.52,11.98,6,66.7,0
2026-09-12T06:35:19.968173,11.72,11.39,7,57.1,0
2026-09-12T06:38:31.336841,10.92,10.49,8,50.0,49
2026-09-12T06:39:06.665973,10.92,10.92,8,50.0,48
2026-09-12T06:39:38.618318,10.92,10.80,8,50.0,47
2026-09-12T06:40:13.851678,10.92,10.80,8,50.0,46
2026-09-12T06:40:44.054858,10.92,10.86,8,50.0,45
2026-09-12T06:41:19.800104,10.92,10.92,8,50.0,44
2026-09-12T06:41:50.967464,10.92,10.86,8,50.0,43
2026-09-12T06:42:25.536473,10.92,10.74,8,50.0,42
2026-09-12T06:42:56.287933,10.92,10.92,8,50.0,41
2026-09-12T06:43:32.301764,10.92,11.04,8,50.0,40
2026-09-12T06:44:02.779986,10.92,11.35,8,50.0,39
2026-09-12T06:44:38.894271,10.92,11.54,8,50.0,38
2026-09-12T06:45:07.792640,10.92,11.72,8,50.0,37
2026-09-12T06:45:43.780541,10.92,11.54,8,50.0,36
2026-09-12T06:46:39.285030,10.92,11.85,8,50.0,35
2026-09-12T06:47:17.169149,10.92,11.91,8,50.0,34
2026-09-12T06:47:47.272630,10.92,11.97,8,50.0,33
2026-09-12T06:52:05.920620,11.86,11.86,9,55.6,0
2026-09-12T06:52:33.846710,11.86,11.80,9,55.6,0
2026-09-12T06:53:17.287772,11.86,11.24,9,55.6,0
2026-09-12T06:54:04.494933,11.10,11.10,10,50.0,0
2026-09-12T06:54:47.241416,11.10,10.80,10,50.0,0
2026-09-12T06:55:12.023707,11.10,11.10,10,50.0,0
2026-09-12T06:55:54.696431,11.10,11.16,10,50.0,0
2026-09-12T06:56:19.083852,11.10,11.16,10,50.0,0
2026-09-12T06:57:02.886473,11.10,11.22,10,50.0,0
2026-09-12T06:57:27.255818,11.10,11.16,10,50.0,0
2026-09-12T06:58:12.928189,11.10,11.10,10,50.0,0
2026-09-12T06:58:38.013702,11.10,10.56,10,50.0,0
2026-09-12T06:59:15.393306,100.00,100.00,0,0.0,0
2026-09-12T06:59:33.085601,11.10,10.44,10,50.0,0
2026-09-12T06:59:58.138647,11.10,10.80,10,50.0,0
2026-09-12T07:00:42.979443,11.10,10.68,10,50.0,0
2026-09-12T07:01:08.627710,11.10,10.44,10,50.0,0
2026-09-12T07:01:52.361957,11.10,10.68,10,50.0,0
2026-09-12T07:02:23.338634,11.10,10.68,10,50.0,0
2026-09-12T07:03:11.758549,11.10,10.86,10,50.0,0
2026-09-12T07:03:36.484131,11.10,10.98,10,50.0,0
2026-09-12T07:04:19.630129,11.10,11.04,10,50.0,0
2026-09-12T07:04:45.481113,11.10,10.98,10,50.0,0
2026-09-12T07:05:28.826606,11.10,10.98,10,50.0,0
2026-09-12T07:06:08.146812,11.10,10.86,10,50.0,0
2026-09-12T07:06:51.294558,11.10,11.09,10,50.0,0
2026-09-12T07:07:17.337978,11.10,11.36,10,50.0,0
2026-09-12T07:08:02.121650,11.10,11.23,10,50.0,0
2026-09-12T07:08:28.131305,11.10,10.85,10,50.0,0
2026-09-12T07:09:14.712191,11.10,10.96,10,50.0,0
2026-09-12T07:09:40.110109,11.10,10.64,10,50.0,0
2026-09-12T07:10:22.920522,11.10,10.41,10,50.0,0
2026-09-12T07:10:58.401093,11.10,10.31,10,50.0,0
2026-09-12T07:11:58.135443,10.58,10.35,11,45.5,0
2026-09-12T07:12:23.694608,10.58,10.47,11,45.5,0
2026-09-12T07:13:09.007124,10.58,10.40,11,45.5,0
2026-09-12T07:13:44.563890,10.58,10.45,11,45.5,0
2026-09-12T07:14:28.295819,10.58,10.43,11,45.5,0
2026-09-12T07:14:53.212669,10.58,10.39,11,45.5,0
2026-09-12T07:15:36.379723,10.58,10.57,11,45.5,0
2026-09-12T07:16:09.469623,10.58,10.59,11,45.5,0
2026-09-12T07:16:52.457444,10.58,10.51,11,45.5,0
2026-09-12T07:17:22.783387,10.58,10.41,11,45.5,0
2026-09-12T07:18:06.919876,10.58,10.34,11,45.5,0
2026-09-12T07:18:32.950704,10.58,10.41,11,45.5,0
2026-09-12T07:19:15.922850,10.58,10.57,11,45.5,0
2026-09-12T07:19:41.587270,10.58,10.49,11,45.5,0
2026-09-12T07:20:26.468690,10.58,10.47,11,45.5,0
2026-09-12T07:20:52.156123,10.58,10.46,11,45.5,0
2026-09-12T07:21:34.118511,10.58,10.66,11,45.5,0
2026-09-12T07:22:12.929402,9.90,9.40,12,41.7,49
2026-09-12T07:22:51.038454,9.90,9.34,12,41.7,48
2026-09-12T07:23:31.270221,9.29,9.29,13,38.5,47
2026-09-12T07:24:09.884788,9.29,9.29,13,38.5,46
2026-09-12T07:24:35.133272,9.29,9.29,13,38.5,45
2026-09-12T07:25:14.498595,9.29,9.29,13,38.5,44
2026-09-12T07:25:39.779275,9.29,9.29,13,38.5,43
2026-09-12T07:26:18.791478,9.29,9.29,13,38.5,42
2026-09-12T07:26:45.723655,9.29,9.29,13,38.5,41
2026-09-12T07:27:26.268449,9.29,9.29,13,38.5,40
2026-09-12T07:27:51.461589,9.29,9.29,13,38.5,39
2026-09-12T07:29:01.372841,9.29,9.29,13,38.5,38
2026-09-12T07:29:26.693830,9.29,9.29,13,38.5,37
2026-09-12T07:30:11.802104,9.29,9.29,13,38.5,36
2026-09-12T07:30:38.375728,9.29,9.29,13,38.5,35
2026-09-12T07:31:19.778406,9.29,9.29,13,38.5,34
2026-09-12T07:31:45.408525,9.29,9.29,13,38.5,33
2026-09-12T07:32:26.718549,9.29,9.29,13,38.5,32
2026-09-12T07:32:51.508359,9.29,9.29,13,38.5,31
2026-09-12T07:33:30.857083,9.29,9.29,13,38.5,30
2026-09-12T07:33:55.398691,9.29,9.29,13,38.5,29
2026-09-12T07:34:20.189376,9.29,9.29,13,38.5,28
2026-09-12T07:34:59.726513,9.29,9.29,13,38.5,27
2026-09-12T07:35:23.894498,9.29,9.29,13,38.5,26
2026-09-12T07:35:52.378969,9.29,9.29,13,38.5,25
2026-09-12T07:36:28.283935,9.29,9.29,13,38.5,24
2026-09-12T07:36:56.867131,9.29,9.29,13,38.5,23
2026-09-12T07:37:37.558800,9.29,9.29,13,38.5,22
2026-09-12T07:38:06.281464,9.29,9.29,13,38.5,21
2026-09-12T07:38:42.844163,9.29,9.29,13,38.5,20
2026-09-12T07:39:10.804234,9.29,9.29,13,38.5,19
2026-09-12T07:39:48.203500,9.29,9.29,13,38.5,18
2026-09-12T07:40:16.546129,9.29,9.29,13,38.5,17
2026-09-12T07:40:56.084502,9.29,9.29,13,38.5,16
2026-09-12T07:41:24.742134,9.29,9.29,13,38.5,15
2026-09-12T07:42:01.819111,9.29,9.29,13,38.5,14
2026-09-12T07:42:30.082290,9.29,9.29,13,38.5,13
2026-09-12T07:43:06.149548,9.29,9.29,13,38.5,12
2026-09-12T07:43:34.798358,9.29,9.29,13,38.5,11
2026-09-12T07:44:11.316886,9.29,9.29,13,38.5,10
2026-09-12T07:44:39.301627,9.29,9.29,13,38.5,9
2026-09-12T07:45:13.119582,9.29,9.29,13,38.5,8
2026-09-12T07:45:40.128420,9.29,9.29,13,38.5,7
2026-09-12T07:46:20.723802,9.29,9.29,13,38.5,6
2026-09-12T07:46:47.116196,9.29,9.29,13,38.5,5
2026-09-12T07:47:26.210290,9.29,9.29,13,38.5,4
2026-09-12T07:47:52.635438,9.29,9.29,13,38.5,3
2026-09-12T07:48:32.157057,9.29,9.29,13,38.5,2
2026-09-12T07:48:58.786198,9.29,9.29,13,38.5,1
2026-09-12T07:49:46.059166,9.29,9.29,13,38.5,0
2026-09-12T07:50:15.604495,9.29,9.29,13,38.5,0
2026-09-12T07:51:00.480632,9.29,9.29,13,38.5,0
2026-09-12T07:51:31.393023,9.29,9.29,13,38.5,0
2026-09-12T07:52:14.797023,9.29,9.29,13,38.5,0
2026-09-12T07:52:47.691307,9.29,9.29,13,38.5,0
2026-09-12T07:53:38.912394,9.29,9.29,13,38.5,0
2026-09-12T07:54:09.052563,9.29,9.29,13,38.5,0
2026-09-12T07:54:53.005774,9.29,9.29,13,38.5,0
2026-09-12T07:55:22.739196,9.29,9.29,13,38.5,0
2026-09-12T07:56:06.052627,9.29,9.29,13,38.5,0
2026-09-12T07:56:35.829302,9.29,9.29,13,38.5,0
2026-09-12T07:57:20.138817,9.29,9.29,13,38.5,0
2026-09-12T07:57:49.697470,9.29,9.29,13,38.5,0
2026-09-12T07:58:32.196369,9.29,9.29,13,38.5,0
2026-09-12T07:59:02.646521,9.29,9.29,13,38.5,0
2026-09-12T07:59:45.537883,9.29,9.29,13,38.5,0
2026-09-12T08:00:14.615804,9.29,9.29,13,38.5,0
2026-09-12T08:00:58.530927,9.29,9.29,13,38.5,0
2026-09-12T08:01:28.685668,9.29,9.29,13,38.5,0
2026-09-12T08:02:13.314694,9.29,9.29,13,38.5,0
2026-09-12T08:02:43.113075,9.29,9.29,13,38.5,0
2026-09-12T08:03:52.301921,9.29,9.29,13,38.5,0
2026-09-12T08:04:18.165079,9.29,9.29,13,38.5,0
2026-09-12T08:05:01.276131,9.29,9.29,13,38.5,0
2026-09-12T08:05:37.060386,9.29,9.29,13,38.5,0
2026-09-12T08:06:20.884416,9.29,9.34,13,38.5,0
2026-09-12T08:06:45.949528,9.29,9.29,13,38.5,0
2026-09-12T08:07:30.248309,9.29,9.24,13,38.5,0
2026-09-12T08:07:56.226694,9.29,8.55,13,38.5,0
2026-09-12T08:08:39.497486,9.29,8.39,13,38.5,0
2026-09-12T08:09:05.367563,9.29,8.34,13,38.5,0
2026-09-12T08:09:50.213616,9.29,8.50,13,38.5,0
2026-09-12T08:10:15.455868,9.29,8.55,13,38.5,0
2026-09-12T08:10:58.120078,9.29,8.55,13,38.5,0
2026-09-12T08:11:24.172353,9.29,8.39,13,38.5,0
2026-09-12T08:12:38.550673,10.37,10.37,14,42.9,0
2026-09-12T08:13:23.843992,10.37,10.49,14,42.9,0
2026-09-12T08:13:49.222194,10.37,10.47,14,42.9,0
2026-09-12T08:14:36.437137,10.37,10.50,14,42.9,0
2026-09-12T08:15:01.987697,10.37,10.48,14,42.9,0
2026-09-12T08:15:48.448419,10.37,10.54,14,42.9,0
2026-09-12T08:16:14.430237,10.37,10.54,14,42.9,0
2026-09-12T08:17:17.966265,9.70,9.28,15,40.0,0
2026-09-12T08:17:46.156406,9.70,9.17,15,40.0,0
2026-09-12T08:18:30.091704,9.70,9.42,15,40.0,0
2026-09-12T08:18:55.748367,9.70,10.10,15,40.0,0
2026-09-12T08:19:42.341552,9.70,10.05,15,40.0,0
2026-09-12T08:20:06.851104,9.70,9.63,15,40.0,0
2026-09-12T08:20:52.319214,9.70,9.61,15,40.0,0
2026-09-12T08:21:17.884177,9.70,9.58,15,40.0,0
2026-09-12T08:22:01.783587,9.70,9.50,15,40.0,0
2026-09-12T08:22:26.766271,9.70,9.44,15,40.0,0
2026-09-12T08:23:10.617112,9.70,9.25,15,40.0,0
2026-09-12T08:23:35.882321,9.70,9.20,15,40.0,0
2026-09-12T08:24:21.718801,9.70,9.28,15,40.0,0
2026-09-12T08:24:51.634359,9.70,8.95,15,40.0,0
2026-09-12T08:25:53.129113,9.70,9.03,15,40.0,0
2026-09-12T08:26:18.728062,9.70,9.06,15,40.0,0
2026-09-12T08:28:33.902943,9.04,8.59,16,37.5,0
2026-09-12T08:30:04.013360,9.04,8.29,16,37.5,0
2026-09-12T08:30:30.014349,9.04,8.22,16,37.5,0
2026-09-12T08:31:13.519653,9.04,8.35,16,37.5,0
2026-09-12T08:31:39.469714,9.04,8.32,16,37.5,0
2026-09-12T08:32:23.492193,9.04,8.21,16,37.5,0
2026-09-12T08:32:47.954673,9.04,8.05,16,37.5,0
2026-09-12T08:33:30.049814,9.04,8.20,16,37.5,0
2026-09-12T08:33:55.007589,9.04,8.18,16,37.5,0
2026-09-12T08:34:50.201174,9.73,9.49,17,41.2,0
2026-09-12T08:35:24.542050,9.73,9.47,17,41.2,0
2026-09-12T08:36:07.326570,9.73,9.45,17,41.2,0
2026-09-12T08:36:32.229017,9.73,9.42,17,41.2,0
2026-09-12T08:37:15.245524,9.73,9.42,17,41.2,0
2026-09-12T08:37:40.258378,9.73,9.45,17,41.2,0
2026-09-12T08:38:23.357293,9.73,9.45,17,41.2,0
2026-09-12T08:38:48.931150,9.73,9.69,17,41.2,0
2026-09-12T08:39:32.482002,9.73,9.69,17,41.2,0
2026-09-12T08:39:57.657461,9.73,9.77,17,41.2,0
2026-09-12T08:40:40.613877,9.73,9.91,17,41.2,0
2026-09-12T08:41:06.003988,9.73,9.79,17,41.2,0
2026-09-12T08:41:49.057364,9.73,9.73,17,41.2,0
2026-09-12T08:42:15.016527,9.73,9.71,17,41.2,0
2026-09-12T08:43:22.145420,9.73,9.64,17,41.2,0
2026-09-12T08:43:49.026165,9.73,9.64,17,41.2,0
2026-09-12T08:44:31.470275,9.73,9.79,17,41.2,0
2026-09-12T08:44:56.786026,9.73,9.80,17,41.2,0
2026-09-12T08:46:25.916808,9.74,9.68,18,44.4,0
2026-09-12T08:47:10.184278,9.74,9.74,18,44.4,0
2026-09-12T08:47:34.925852,9.74,9.80,18,44.4,0
2026-09-12T08:48:16.954307,9.74,9.74,18,44.4,0
2026-09-12T08:48:41.951852,9.74,9.74,18,44.4,0
2026-09-12T08:49:24.548565,9.74,9.85,18,44.4,0
2026-09-12T08:49:49.751005,9.74,9.85,18,44.4,0
2026-09-12T08:50:32.441651,9.74,9.91,18,44.4,0
2026-09-12T08:50:57.865531,9.74,9.91,18,44.4,0
2026-09-12T08:51:41.528801,9.74,9.91,18,44.4,0
2026-09-12T08:52:07.155014,9.74,9.97,18,44.4,0
2026-09-12T08:53:02.219462,9.47,9.47,19,42.1,0
2026-09-12T08:53:27.158765,9.47,9.47,19,42.1,0
2026-09-12T08:54:09.834667,9.47,9.47,19,42.1,0
2026-09-12T08:54:34.866260,9.47,9.47,19,42.1,0
2026-09-12T08:55:17.140280,9.47,9.47,19,42.1,0
2026-09-12T08:55:48.476999,9.47,9.47,19,42.1,0
2026-09-12T08:57:01.460509,9.47,9.47,19,42.1,0
2026-09-12T08:57:30.876816,9.47,9.47,19,42.1,0
2026-09-12T08:58:13.249989,9.47,9.47,19,42.1,0
2026-09-12T08:58:43.159462,9.47,9.47,19,42.1,0
2026-09-12T08:59:27.280856,9.47,9.47,19,42.1,0
2026-09-12T08:59:57.269923,9.47,9.47,19,42.1,0
2026-09-12T09:00:40.928357,9.47,9.47,19,42.1,0
2026-09-12T09:01:11.744144,9.47,9.47,19,42.1,0
2026-09-12T09:01:55.580600,9.47,9.47,19,42.1,0
2026-09-12T09:02:25.629682,9.47,9.47,19,42.1,0
2026-09-12T09:03:10.919701,9.47,9.47,19,42.1,0
2026-09-12T09:03:40.896636,9.47,9.47,19,42.1,0
2026-09-12T09:04:24.882094,9.47,9.47,19,42.1,0
2026-09-12T09:04:54.682904,9.47,9.47,19,42.1,0
2026-09-12T09:05:38.974745,9.47,9.47,19,42.1,0
2026-09-12T09:06:09.451380,9.47,9.47,19,42.1,0
2026-09-12T09:06:53.135917,9.47,9.47,19,42.1,0
2026-09-12T09:07:22.287580,9.47,9.47,19,42.1,0
2026-09-12T09:08:07.475635,9.47,9.47,19,42.1,0
2026-09-12T09:08:37.686468,9.47,9.47,19,42.1,0
2026-09-12T09:09:21.311498,9.47,9.47,19,42.1,0
2026-09-12T09:09:51.606485,9.47,9.47,19,42.1,0
2026-09-12T09:10:34.760438,9.47,9.47,19,42.1,0
2026-09-12T09:11:05.355177,9.47,9.47,19,42.1,0
2026-09-12T09:11:50.016365,9.47,9.47,19,42.1,0
2026-09-12T09:12:20.689458,9.47,9.47,19,42.1,0
2026-09-12T09:13:05.089432,9.47,9.47,19,42.1,0
2026-09-12T09:13:35.537855,9.47,9.47,19,42.1,0
2026-09-12T09:14:19.044628,9.47,9.47,19,42.1,0
2026-09-12T09:14:49.898523,9.47,9.47,19,42.1,0
2026-09-12T09:15:33.397640,9.47,9.47,19,42.1,0
2026-09-12T09:16:03.250503,9.47,9.47,19,42.1,0
2026-09-12T09:16:46.849486,9.47,9.47,19,42.1,0
2026-09-12T09:17:16.854950,9.47,9.47,19,42.1,0
2026-09-12T09:18:00.431735,9.47,9.47,19,42.1,0
2026-09-12T09:18:31.693973,9.47,9.47,19,42.1,0
2026-09-12T09:19:19.625899,9.47,9.47,19,42.1,0
2026-09-12T09:19:49.552476,9.47,9.47,19,42.1,0
2026-09-12T09:20:33.014269,9.47,9.47,19,42.1,0
2026-09-12T09:21:40.245406,9.47,9.47,19,42.1,0
2026-09-12T09:22:05.232536,9.47,9.47,19,42.1,0
2026-09-12T09:22:48.437025,9.47,9.47,19,42.1,0
2026-09-12T09:23:13.921753,9.47,9.47,19,42.1,0
2026-09-12T09:23:55.631854,9.47,9.47,19,42.1,0
2026-09-12T09:24:20.909404,9.47,9.47,19,42.1,0
2026-09-12T09:25:04.653901,9.47,9.47,19,42.1,0
2026-09-12T09:25:30.500736,9.47,9.47,19,42.1,0
2026-09-12T09:26:14.614580,9.47,9.47,19,42.1,0
2026-09-12T09:26:40.254810,9.47,9.47,19,42.1,0
2026-09-12T09:27:24.023412,9.47,9.47,19,42.1,0
2026-09-12T09:27:49.212631,9.47,9.47,19,42.1,0
2026-09-12T09:28:32.422902,9.47,9.47,19,42.1,0
2026-09-12T09:28:58.598740,9.47,9.47,19,42.1,0
2026-09-12T09:29:43.968809,9.47,9.47,19,42.1,0
2026-09-12T09:30:13.779732,9.47,9.47,19,42.1,0
2026-09-12T09:30:58.042104,9.47,9.47,19,42.1,0
2026-09-12T09:31:23.505064,9.47,9.47,19,42.1,0
2026-09-12T09:32:07.607082,9.47,9.47,19,42.1,0
2026-09-12T09:32:37.524130,9.47,9.47,19,42.1,0
2026-09-12T09:33:31.475691,9.47,9.47,19,42.1,0
2026-09-12T09:33:57.204609,9.47,9.47,19,42.1,0
2026-09-12T09:34:40.401422,9.47,9.47,19,42.1,0
2026-09-12T09:35:06.040229,9.47,9.47,19,42.1,0
2026-09-12T09:35:50.523854,9.47,9.47,19,42.1,0
2026-09-12T09:36:16.268986,9.47,9.47,19,42.1,0
2026-09-12T09:37:00.672671,9.47,9.47,19,42.1,0
2026-09-12T09:37:26.269392,9.47,9.47,19,42.1,0
2026-09-12T09:38:10.840279,9.47,9.47,19,42.1,0
2026-09-12T09:38:36.073720,9.47,9.47,19,42.1,0
2026-09-12T09:39:19.108238,9.47,9.47,19,42.1,0
2026-09-12T09:39:44.316434,9.47,9.47,19,42.1,0
2026-09-12T09:40:27.702624,9.47,9.47,19,42.1,0
2026-09-12T09:40:53.345808,9.47,9.47,19,42.1,0
2026-09-12T09:41:36.093809,9.47,9.47,19,42.1,0
2026-09-12T09:42:01.460171,9.47,9.47,19,42.1,0
2026-09-12T09:42:44.279912,9.47,9.47,19,42.1,0
2026-09-12T09:43:08.913756,9.47,9.47,19,42.1,0
2026-09-12T09:43:52.799695,9.47,9.47,19,42.1,0
2026-09-12T09:44:18.096632,9.47,9.47,19,42.1,0
2026-09-12T09:45:08.325578,9.47,9.47,19,42.1,0
2026-09-12T09:45:36.572641,9.47,9.53,19,42.1,0
2026-09-12T09:46:20.505539,9.47,9.69,19,42.1,0
2026-09-12T09:46:45.630198,9.47,9.58,19,42.1,0
2026-09-12T09:47:29.777637,9.47,9.47,19,42.1,0
2026-09-12T09:47:54.881081,9.47,9.47,19,42.1,0
2026-09-12T09:48:38.718799,9.47,9.42,19,42.1,0
2026-09-12T09:49:04.206253,9.47,9.36,19,42.1,0
2026-09-12T09:49:49.443664,9.47,9.42,19,42.1,0
2026-09-12T09:50:14.776301,9.47,9.47,19,42.1,0
2026-09-12T09:50:58.111547,9.47,9.53,19,42.1,0
2026-09-12T09:51:23.004722,9.47,9.47,19,42.1,0
2026-09-12T09:52:06.567163,9.47,9.31,19,42.1,0
2026-09-12T09:52:31.739942,9.47,9.31,19,42.1,0
2026-09-12T09:53:14.705876,9.47,9.31,19,42.1,0
2026-09-12T09:53:40.246488,9.47,9.31,19,42.1,0
2026-09-12T09:54:26.536203,9.47,9.36,19,42.1,0
2026-09-12T09:54:51.676201,9.47,9.31,19,42.1,0
2026-09-12T09:55:37.246570,9.47,9.20,19,42.1,0
2026-09-12T09:56:02.363139,9.47,9.20,19,42.1,0
2026-09-12T09:57:43.993507,9.47,9.25,19,42.1,0
2026-09-12T09:58:09.312933,9.47,9.36,19,42.1,0
2026-09-12T09:58:52.367148,9.47,9.36,19,42.1,0
2026-09-12T09:59:17.376592,9.47,9.36,19,42.1,0
2026-09-12T09:59:59.754336,9.47,9.74,19,42.1,0
2026-09-12T10:00:24.988504,9.47,9.80,19,42.1,0
2026-09-12T10:01:08.297437,9.47,9.63,19,42.1,0
2026-09-12T10:01:33.242576,9.47,9.58,19,42.1,0
2026-09-12T10:02:27.496308,9.60,9.60,20,45.0,0
2026-09-12T10:02:52.981546,9.60,9.60,20,45.0,0
2026-09-12T10:03:36.495788,9.60,9.60,20,45.0,0
2026-09-12T10:04:01.758902,9.60,9.60,20,45.0,0
2026-09-12T10:04:44.113505,9.60,9.60,20,45.0,0
2026-09-12T10:05:18.521655,9.60,9.60,20,45.0,0
2026-09-12T10:06:01.729639,9.60,9.54,20,45.0,0
2026-09-12T10:06:26.852893,9.60,9.49,20,45.0,0
2026-09-12T10:07:08.316577,9.60,9.49,20,45.0,0
2026-09-12T10:07:33.338847,9.60,9.49,20,45.0,0
2026-09-12T10:08:15.701454,9.60,9.38,20,45.0,0
2026-09-12T10:08:40.780983,9.60,9.32,20,45.0,0
2026-09-12T10:09:24.255263,9.60,9.38,20,45.0,0
2026-09-12T10:09:49.381884,9.60,9.38,20,45.0,0
2026-09-12T10:10:32.604464,9.60,9.43,20,45.0,0
2026-09-12T10:10:58.225798,9.60,9.49,20,45.0,0
2026-09-12T10:11:42.162180,9.60,9.49,20,45.0,0
2026-09-12T10:12:14.208018,9.60,9.49,20,45.0,0
2026-09-12T10:13:02.839797,9.60,9.60,20,45.0,0
2026-09-12T10:13:33.527110,9.60,9.60,20,45.0,0
2026-09-12T10:14:16.754617,9.60,9.65,20,45.0,0
2026-09-12T10:14:43.328072,9.60,9.54,20,45.0,0
2026-09-12T10:15:26.953659,9.60,9.38,20,45.0,0
2026-09-12T10:15:52.160834,9.60,9.10,20,45.0,0
2026-09-12T10:16:36.079631,9.60,9.21,20,45.0,0
2026-09-12T10:17:02.238124,9.60,9.27,20,45.0,0
2026-09-12T10:17:46.831486,9.60,9.27,20,45.0,0
2026-09-12T10:18:13.036662,9.60,9.27,20,45.0,0
2026-09-12T10:19:01.635127,9.60,9.27,20,45.0,0
2026-09-12T10:19:27.026791,9.60,9.27,20,45.0,0
2026-09-12T10:20:09.755662,9.60,9.32,20,45.0,0
2026-09-12T10:20:36.137463,9.60,9.32,20,45.0,0
2026-09-12T10:21:20.581934,9.60,9.27,20,45.0,0
2026-09-12T10:21:46.694351,9.60,9.27,20,45.0,0
2026-09-12T10:22:41.536366,9.17,9.17,21,42.9,0
2026-09-12T10:23:06.799746,9.17,9.17,21,42.9,0
2026-09-12T10:23:50.745059,9.17,9.17,21,42.9,0
2026-09-12T10:24:16.675698,9.17,9.17,21,42.9,0
2026-09-12T10:25:00.401602,9.17,9.17,21,42.9,0
2026-09-12T10:25:26.361599,9.17,9.17,21,42.9,0
2026-09-12T10:26:11.283243,9.17,9.17,21,42.9,0
2026-09-12T10:26:36.980204,9.17,9.17,21,42.9,0
2026-09-12T10:27:20.985351,9.17,9.17,21,42.9,0
2026-09-12T10:27:45.996591,9.17,9.17,21,42.9,0
2026-09-12T10:28:29.081619,9.17,9.17,21,42.9,0
2026-09-12T10:28:58.515727,9.17,9.17,21,42.9,0
2026-09-12T10:29:42.333558,9.17,9.17,21,42.9,0
2026-09-12T10:30:07.648881,9.17,9.17,21,42.9,0
2026-09-12T10:30:50.313902,9.17,9.17,21,42.9,0
2026-09-12T10:31:16.637097,9.17,9.17,21,42.9,0
2026-09-12T10:32:00.527808,9.17,9.17,21,42.9,0
2026-09-12T10:32:25.851329,9.17,9.17,21,42.9,0
2026-09-12T10:33:35.053805,9.17,9.17,21,42.9,0
2026-09-12T10:34:01.282635,9.17,9.17,21,42.9,0
2026-09-12T10:34:45.848384,9.17,9.17,21,42.9,0
2026-09-12T10:35:15.125069,9.17,9.17,21,42.9,0
2026-09-12T10:35:59.583137,9.17,9.17,21,42.9,0
2026-09-12T10:36:25.170811,9.17,9.17,21,42.9,0
2026-09-12T10:37:08.972211,9.17,9.17,21,42.9,0
2026-09-12T10:37:34.332638,9.17,9.17,21,42.9,0
2026-09-12T10:38:18.542205,9.17,9.17,21,42.9,0
2026-09-12T10:38:57.781257,9.17,9.17,21,42.9,0
2026-09-12T10:39:42.161629,9.17,9.23,21,42.9,0
2026-09-12T10:40:08.496955,9.17,9.17,21,42.9,0
2026-09-12T10:40:51.402766,9.17,9.17,21,42.9,0
2026-09-12T10:41:16.950790,9.17,9.17,21,42.9,0
2026-09-12T10:41:59.820687,9.17,8.92,21,42.9,0
2026-09-12T10:42:25.060602,9.17,8.86,21,42.9,0
2026-09-12T10:43:07.258429,9.17,9.12,21,42.9,0
2026-09-12T10:43:32.387026,9.17,9.23,21,42.9,0
2026-09-12T10:44:15.004096,9.17,9.48,21,42.9,0
2026-09-12T10:44:41.185495,9.17,9.54,21,42.9,0
2026-09-12T10:45:26.574837,9.17,9.43,21,42.9,0
2026-09-12T10:45:52.173000,9.17,9.38,21,42.9,0
2026-09-12T10:46:36.000539,9.17,9.38,21,42.9,0
2026-09-12T10:47:00.954604,9.17,9.43,21,42.9,0
2026-09-12T10:47:43.755560,9.17,9.43,21,42.9,0
2026-09-12T10:48:08.622890,9.17,9.48,21,42.9,0
2026-09-12T10:48:50.978970,9.17,9.59,21,42.9,0
2026-09-12T10:49:16.010617,9.17,9.59,21,42.9,0
2026-09-12T10:49:58.192321,9.17,9.64,21,42.9,0
2026-09-12T10:50:24.111459,9.17,9.59,21,42.9,0
2026-09-12T10:51:06.921252,9.17,9.48,21,42.9,0
2026-09-12T10:51:32.088300,9.17,9.02,21,42.9,0
2026-09-12T10:52:14.859644,9.17,8.97,21,42.9,0
2026-09-12T10:52:40.046911,9.17,9.12,21,42.9,0
2026-09-12T10:53:24.146373,9.17,9.02,21,42.9,0
2026-09-12T10:53:49.467558,9.17,9.17,21,42.9,0
2026-09-12T10:54:31.607910,9.17,9.17,21,42.9,0
2026-09-12T10:54:57.088252,9.17,9.07,21,42.9,0
2026-09-12T10:55:39.521971,9.17,8.97,21,42.9,0
2026-09-12T10:56:17.709495,8.93,8.93,22,40.9,0
2026-09-12T10:57:00.339265,8.93,8.93,22,40.9,0
2026-09-12T10:57:25.547698,8.93,8.93,22,40.9,0
2026-09-12T10:58:08.226530,8.93,8.93,22,40.9,0
2026-09-12T10:58:43.156746,8.93,8.93,22,40.9,0
2026-09-12T10:59:26.697239,8.93,8.83,22,40.9,0
2026-09-12T10:59:51.954238,8.93,8.83,22,40.9,0
2026-09-12T11:00:34.818685,8.93,8.83,22,40.9,0
2026-09-12T11:01:00.144600,8.93,8.73,22,40.9,0
2026-09-12T11:01:41.922653,8.93,8.73,22,40.9,0
2026-09-12T11:02:07.523792,8.93,8.73,22,40.9,0
2026-09-12T11:02:53.422601,8.93,8.68,22,40.9,0
2026-09-12T11:03:18.714140,8.93,8.63,22,40.9,0
2026-09-12T11:04:01.210655,8.93,8.68,22,40.9,0
2026-09-12T11:04:26.551224,8.93,8.68,22,40.9,0
2026-09-12T11:05:09.571865,8.93,8.73,22,40.9,0
2026-09-12T11:05:35.488069,8.93,8.73,22,40.9,0
2026-09-12T11:06:25.224716,8.93,8.83,22,40.9,0
2026-09-12T11:06:52.051789,8.93,8.78,22,40.9,0
2026-09-12T11:07:38.840749,8.93,8.83,22,40.9,0
2026-09-12T11:08:04.711608,8.93,8.88,22,40.9,0
2026-09-12T11:09:13.683312,8.93,8.78,22,40.9,0
2026-09-12T11:09:39.714185,8.93,8.68,22,40.9,0
2026-09-12T11:10:23.230479,8.93,8.63,22,40.9,0
2026-09-12T11:10:49.462930,8.93,8.57,22,40.9,0
2026-09-12T11:11:33.875760,8.93,8.63,22,40.9,0
2026-09-12T11:11:59.423754,8.93,8.57,22,40.9,0
2026-09-12T11:12:42.687208,8.93,8.63,22,40.9,0
2026-09-12T11:13:08.859903,8.93,8.63,22,40.9,0
2026-09-12T11:13:52.040682,8.93,8.63,22,40.9,0
2026-09-12T11:14:17.787855,8.93,8.63,22,40.9,0
2026-09-12T11:15:02.672942,8.93,8.63,22,40.9,0
2026-09-12T11:15:27.029814,8.93,8.68,22,40.9,0
2026-09-12T11:16:20.570488,8.64,8.64,23,39.1,49
2026-09-12T11:16:45.764344,8.64,8.64,23,39.1,48
2026-09-12T11:17:27.139985,8.64,8.64,23,39.1,47
2026-09-12T11:17:51.933443,8.64,8.64,23,39.1,46
2026-09-12T11:18:32.271731,8.64,8.64,23,39.1,45
2026-09-12T11:18:57.668433,8.64,8.64,23,39.1,44
2026-09-12T11:19:38.828013,8.64,8.64,23,39.1,43
2026-09-12T11:20:02.996874,8.64,8.64,23,39.1,42
2026-09-12T11:20:44.570819,8.64,8.64,23,39.1,41
2026-09-12T11:21:08.936749,8.64,8.64,23,39.1,40
2026-09-12T11:21:48.267655,8.64,8.64,23,39.1,39
2026-09-12T11:22:15.055399,8.64,8.64,23,39.1,38
2026-09-12T11:22:57.132412,8.64,8.64,23,39.1,37
2026-09-12T11:23:23.904713,8.64,8.64,23,39.1,36
2026-09-12T11:24:04.464375,8.64,8.64,23,39.1,35
2026-09-12T11:24:31.077477,8.64,8.64,23,39.1,34
2026-09-12T11:25:11.012388,8.64,8.64,23,39.1,33
2026-09-12T11:25:38.254210,8.64,8.64,23,39.1,32
2026-09-12T11:26:29.668029,8.64,8.64,23,39.1,31
2026-09-12T11:26:56.182689,8.64,8.64,23,39.1,30
2026-09-12T11:28:27.832005,8.64,8.64,23,39.1,29
2026-09-12T11:29:03.053114,8.64,8.64,23,39.1,28
2026-09-12T11:29:33.378348,8.64,8.64,23,39.1,27
2026-09-12T11:30:08.601958,8.64,8.64,23,39.1,26
2026-09-12T11:30:40.954016,8.64,8.64,23,39.1,25
2026-09-12T11:31:15.876634,8.64,8.64,23,39.1,24
2026-09-12T11:31:46.501122,8.64,8.64,23,39.1,23
2026-09-12T11:32:21.508230,8.64,8.64,23,39.1,22
2026-09-12T11:32:52.026531,8.64,8.64,23,39.1,21
2026-09-12T11:33:25.817719,8.64,8.64,23,39.1,20
2026-09-12T11:33:56.130347,8.64,8.64,23,39.1,19
2026-09-12T11:34:31.973176,8.64,8.64,23,39.1,18
2026-09-12T11:35:01.664565,8.64,8.64,23,39.1,17
2026-09-12T11:35:37.103562,8.64,8.64,23,39.1,16
2026-09-12T11:36:07.423419,8.64,8.64,23,39.1,15
2026-09-12T11:36:42.634260,8.64,8.64,23,39.1,14
2026-09-12T11:37:13.160278,8.64,8.64,23,39.1,13
2026-09-12T11:37:48.378795,8.64,8.64,23,39.1,12
2026-09-12T11:38:18.075200,8.64,8.64,23,39.1,11
2026-09-12T11:38:54.538963,8.64,8.64,23,39.1,10
2026-09-12T11:39:23.632677,8.64,8.64,23,39.1,9
2026-09-12T11:39:57.825721,8.64,8.64,23,39.1,8
2026-09-12T11:40:28.341025,8.64,8.64,23,39.1,7
2026-09-12T11:41:03.757189,8.64,8.64,23,39.1,6
2026-09-12T11:41:33.666942,8.64,8.64,23,39.1,5
2026-09-12T11:42:09.295760,8.64,8.64,23,39.1,4
2026-09-12T11:42:38.862770,8.64,8.64,23,39.1,3
2026-09-12T11:43:13.602975,8.64,8.64,23,39.1,2
2026-09-12T11:44:06.647429,8.64,8.64,23,39.1,1
2026-09-12T11:44:44.490168,8.64,8.64,23,39.1,0
2026-09-12T11:45:16.397843,8.64,8.64,23,39.1,0
2026-09-12T11:45:53.916340,8.64,8.64,23,39.1,0
2026-09-12T11:46:27.194424,8.64,8.64,23,39.1,0
2026-09-12T11:47:05.612834,8.64,8.64,23,39.1,0
2026-09-12T11:47:37.930645,8.64,8.64,23,39.1,0
2026-09-12T11:48:16.260213,8.64,8.64,23,39.1,0
2026-09-12T11:48:49.136812,8.64,8.64,23,39.1,0
2026-09-12T11:49:26.995255,8.64,8.64,23,39.1,0
2026-09-12T11:49:59.277231,8.64,8.64,23,39.1,0
2026-09-12T11:50:37.024219,8.64,8.64,23,39.1,0
2026-09-12T11:51:10.893715,8.64,8.64,23,39.1,0
2026-09-12T11:51:48.592750,8.64,8.64,23,39.1,0
2026-09-12T11:52:21.282010,8.64,8.64,23,39.1,0
2026-09-12T11:52:57.804988,8.64,8.64,23,39.1,0
2026-09-12T11:53:30.116303,8.64,8.64,23,39.1,0
2026-09-12T11:54:07.965475,8.64,8.64,23,39.1,0
2026-09-12T11:54:40.478907,8.64,8.64,23,39.1,0
2026-09-12T11:55:17.542457,8.64,8.64,23,39.1,0
2026-09-12T11:55:50.831200,8.64,8.64,23,39.1,0
2026-09-12T11:56:27.907725,8.64,8.64,23,39.1,0
2026-09-12T11:57:02.536299,8.64,8.64,23,39.1,0
2026-09-12T11:57:39.881631,8.64,8.64,23,39.1,0
2026-09-12T11:58:13.072701,8.64,8.64,23,39.1,0
2026-09-12T11:58:51.210171,8.64,8.64,23,39.1,0
2026-09-12T11:59:24.467508,8.64,8.64,23,39.1,0
2026-09-12T12:00:01.973809,8.64,8.64,23,39.1,0
2026-09-12T12:00:34.213755,8.64,8.64,23,39.1,0
2026-09-12T12:01:12.223911,8.64,8.64,23,39.1,0
2026-09-12T12:01:44.839249,8.64,8.64,23,39.1,0
2026-09-12T12:02:23.414873,8.64,8.64,23,39.1,0
2026-09-12T12:02:56.308080,8.64,8.64,23,39.1,0
2026-09-12T12:03:34.776176,8.64,8.64,23,39.1,0
2026-09-12T12:04:07.494383,8.64,8.64,23,39.1,0
2026-09-12T12:04:45.897818,8.64,8.64,23,39.1,0
2026-09-12T12:05:19.117855,8.64,8.64,23,39.1,0
2026-09-12T12:05:56.885782,8.64,8.64,23,39.1,0
2026-09-12T12:06:29.299573,8.64,8.64,23,39.1,0
2026-09-12T12:07:07.124966,8.64,8.64,23,39.1,0
2026-09-12T12:07:40.103764,8.64,8.64,23,39.1,0
2026-09-12T12:08:19.127716,8.64,8.64,23,39.1,0
2026-09-12T12:08:52.088378,8.64,8.64,23,39.1,0
2026-09-12T12:09:43.677566,8.64,8.64,23,39.1,0
2026-09-12T12:10:16.631600,8.64,8.64,23,39.1,0
2026-09-12T12:10:56.402560,8.64,8.64,23,39.1,0
2026-09-12T12:11:31.887969,8.64,8.64,23,39.1,0
2026-09-12T12:12:10.484834,8.64,8.64,23,39.1,0
2026-09-12T12:12:43.947079,8.64,8.64,23,39.1,0
2026-09-12T12:13:23.341157,8.64,8.64,23,39.1,0
2026-09-12T12:13:56.629548,8.64,8.64,23,39.1,0
2026-09-12T12:14:34.612643,8.64,8.64,23,39.1,0
2026-09-12T12:15:07.657437,8.64,8.64,23,39.1,0
2026-09-12T12:15:47.380426,8.64,8.64,23,39.1,0
2026-09-12T12:16:21.066254,8.64,8.64,23,39.1,0
2026-09-12T12:16:59.287069,8.64,8.64,23,39.1,0
2026-09-12T12:17:31.634334,8.64,8.64,23,39.1,0
2026-09-12T12:18:09.632109,8.64,8.64,23,39.1,0
2026-09-12T12:18:44.676657,8.64,8.64,23,39.1,0
2026-09-12T12:19:23.851597,8.64,8.64,23,39.1,0
2026-09-12T12:20:19.463431,8.64,8.64,23,39.1,0
2026-09-12T12:20:57.715190,8.64,8.64,23,39.1,0
2026-09-12T12:21:31.305778,8.64,8.64,23,39.1,0
2026-09-12T12:22:10.624598,8.64,8.64,23,39.1,0
2026-09-12T12:22:43.296482,8.64,8.64,23,39.1,0
2026-09-12T12:23:23.210808,8.64,8.64,23,39.1,0
2026-09-12T12:23:57.108863,8.64,8.64,23,39.1,0
2026-09-12T12:24:35.693219,8.64,8.64,23,39.1,0
2026-09-12T12:25:08.751945,8.64,8.64,23,39.1,0
2026-09-12T12:25:47.642741,8.64,8.64,23,39.1,0
2026-09-12T12:26:20.751053,8.64,8.64,23,39.1,0
2026-09-12T12:27:00.101238,8.64,8.64,23,39.1,0
2026-09-12T12:27:33.390154,8.64,8.64,23,39.1,0
2026-09-12T12:28:10.874357,8.64,8.64,23,39.1,0
2026-09-12T12:28:43.442880,8.64,8.64,23,39.1,0
2026-09-12T12:29:23.052771,8.64,8.64,23,39.1,0
2026-09-12T12:29:56.794149,8.64,8.64,23,39.1,0
2026-09-12T12:30:35.310172,8.64,8.64,23,39.1,0
2026-09-12T12:31:09.758503,8.64,8.64,23,39.1,0
2026-09-12T12:31:49.578495,8.64,8.64,23,39.1,0
2026-09-12T12:32:22.789019,8.64,8.64,23,39.1,0
2026-09-12T12:33:03.469779,8.64,8.64,23,39.1,0
2026-09-12T12:33:37.896485,8.64,8.64,23,39.1,0
2026-09-12T12:34:17.839425,8.64,8.64,23,39.1,0
2026-09-12T12:34:52.428530,8.64,8.64,23,39.1,0
2026-09-12T12:35:32.140423,8.64,8.64,23,39.1,0
2026-09-12T12:36:04.604362,8.64,8.64,23,39.1,0
2026-09-12T12:36:43.882370,8.64,8.64,23,39.1,0
2026-09-12T12:37:17.839718,8.64,8.64,23,39.1,0
2026-09-12T12:37:58.225448,8.64,8.64,23,39.1,0
2026-09-12T12:38:31.709781,8.64,8.64,23,39.1,0
2026-09-12T12:39:09.523305,8.64,8.64,23,39.1,0
2026-09-12T12:39:45.633931,8.64,8.64,23,39.1,0
2026-09-12T12:40:25.528186,8.64,8.64,23,39.1,0
2026-09-12T12:41:00.034316,8.64,8.64,23,39.1,0
2026-09-12T12:41:40.369758,8.64,8.64,23,39.1,0
2026-09-12T12:42:15.866737,8.64,8.64,23,39.1,0
2026-09-12T12:43:18.367667,8.64,8.64,23,39.1,0
2026-09-12T12:43:57.492706,8.64,8.54,23,39.1,0
2026-09-12T12:44:37.369922,8.64,8.54,23,39.1,0
2026-09-12T12:45:09.720415,8.64,8.54,23,39.1,0
2026-09-12T12:45:50.378940,8.64,8.59,23,39.1,0
2026-09-12T12:46:24.159959,8.64,8.54,23,39.1,0
2026-09-12T12:47:04.392463,8.64,8.54,23,39.1,0
2026-09-12T12:47:38.397320,8.64,8.49,23,39.1,0
2026-09-12T12:48:17.922495,8.64,8.49,23,39.1,0
2026-09-12T12:48:51.783987,8.64,8.49,23,39.1,0
2026-09-12T12:49:30.422951,8.64,8.54,23,39.1,0
2026-09-12T12:50:04.362044,8.64,8.49,23,39.1,0
2026-09-12T12:50:44.601813,8.64,8.54,23,39.1,0
2026-09-12T12:51:19.592093,8.64,8.54,23,39.1,0
2026-09-12T12:51:57.585895,8.64,8.54,23,39.1,0
2026-09-12T12:52:31.797115,8.64,8.49,23,39.1,0
2026-09-12T12:53:11.126204,8.64,8.49,23,39.1,0
2026-09-12T12:53:44.338731,8.64,8.44,23,39.1,0
2026-09-12T12:54:22.479236,8.64,8.44,23,39.1,0
2026-09-12T12:54:55.346824,8.64,8.44,23,39.1,0
2026-09-12T12:55:35.246341,8.64,8.44,23,39.1,0
2026-09-12T12:56:08.373734,8.64,8.44,23,39.1,0
2026-09-12T12:56:52.473801,8.64,8.24,23,39.1,0
2026-09-12T12:57:50.499248,8.64,8.34,23,39.1,0
2026-09-12T12:58:38.101826,8.64,8.39,23,39.1,0
2026-09-12T12:59:10.083757,8.64,8.39,23,39.1,0
2026-09-12T12:59:48.493480,8.64,8.34,23,39.1,0
2026-09-12T13:00:34.365831,8.36,8.36,24,37.5,0
2026-09-12T13:01:12.157796,8.36,8.36,24,37.5,0
2026-09-12T13:01:44.179975,8.36,8.36,24,37.5,0
2026-09-12T13:02:21.777694,8.36,8.36,24,37.5,0
2026-09-12T13:02:53.855245,8.36,8.36,24,37.5,0
2026-09-12T13:03:31.866148,8.36,8.36,24,37.5,0
2026-09-12T13:04:04.532985,8.36,8.36,24,37.5,0
2026-09-12T13:04:41.882173,8.36,8.36,24,37.5,0
2026-09-12T13:05:14.123763,8.36,8.36,24,37.5,0
2026-09-12T13:05:52.924379,8.36,8.36,24,37.5,0
2026-09-12T13:06:25.854195,8.36,8.36,24,37.5,0
2026-09-12T13:07:03.732009,8.36,8.36,24,37.5,0
2026-09-12T13:07:38.485644,8.36,8.36,24,37.5,0
2026-09-12T13:08:16.863695,8.36,8.36,24,37.5,0
2026-09-12T13:08:49.111267,8.36,8.36,24,37.5,0
2026-09-12T13:09:26.548171,8.36,8.36,24,37.5,0
2026-09-12T13:10:00.646542,8.36,8.36,24,37.5,0
2026-09-12T13:10:38.161218,8.36,8.36,24,37.5,0
2026-09-12T13:11:11.387303,8.36,8.36,24,37.5,0
2026-09-12T13:11:49.053577,8.36,8.36,24,37.5,0
2026-09-12T13:12:22.154742,8.36,8.36,24,37.5,0
2026-09-12T13:12:59.156188,8.36,8.36,24,37.5,0
2026-09-12T13:13:31.879530,8.36,8.36,24,37.5,0
2026-09-12T13:14:16.716633,8.36,8.36,24,37.5,0
2026-09-12T13:15:02.877016,8.36,8.36,24,37.5,0
2026-09-12T13:15:45.923350,8.36,8.36,24,37.5,0
2026-09-12T13:16:18.680184,8.36,8.36,24,37.5,0
2026-09-12T13:16:56.228725,8.36,8.36,24,37.5,0
2026-09-12T13:17:29.552143,8.36,8.36,24,37.5,0
2026-09-12T13:18:07.706476,8.36,8.36,24,37.5,0
2026-09-12T13:18:40.139160,8.36,8.36,24,37.5,0
2026-09-12T13:19:16.979758,8.36,8.36,24,37.5,0
2026-09-12T13:19:49.452347,8.36,8.36,24,37.5,0
2026-09-12T13:20:27.827538,8.36,8.36,24,37.5,0
2026-09-12T13:21:00.420798,8.36,8.36,24,37.5,0
2026-09-12T13:21:38.168479,8.36,8.36,24,37.5,0
2026-09-12T13:22:11.027985,8.36,8.36,24,37.5,0
2026-09-12T13:22:48.593737,8.36,8.36,24,37.5,0
2026-09-12T13:23:32.603267,8.36,8.36,24,37.5,0
2026-09-12T13:24:13.290747,8.36,8.36,24,37.5,0
2026-09-12T13:24:47.958949,8.36,8.36,24,37.5,0
2026-09-12T13:25:30.454283,8.36,8.36,24,37.5,0
2026-09-12T13:26:03.725584,8.36,8.36,24,37.5,0
2026-09-12T13:26:44.892095,8.36,8.36,24,37.5,0
2026-09-12T13:27:21.935829,8.36,8.36,24,37.5,0
2026-09-12T13:28:01.618256,8.36,8.36,24,37.5,0
2026-09-12T13:28:36.566920,8.36,8.36,24,37.5,0
2026-09-12T13:29:14.937497,8.36,8.36,24,37.5,0
2026-09-12T13:29:52.061169,8.36,8.36,24,37.5,0
2026-09-12T13:30:36.331005,8.36,8.36,24,37.5,0
2026-09-12T13:31:08.980884,8.36,8.36,24,37.5,0
2026-09-12T13:31:49.537754,8.36,8.36,24,37.5,0
2026-09-12T13:32:47.218285,8.36,8.36,24,37.5,0
2026-09-12T13:33:30.732384,8.36,8.36,24,37.5,0
2026-09-12T13:34:17.183591,8.36,8.36,24,37.5,0
2026-09-12T13:34:58.101049,8.36,8.84,24,37.5,0
2026-09-12T13:36:09.219354,8.36,8.87,24,37.5,0
2026-09-12T13:36:34.146888,8.36,8.82,24,37.5,0
2026-09-12T13:37:28.476795,8.36,8.87,24,37.5,0
2026-09-12T13:37:58.678194,8.36,8.78,24,37.5,0
2026-09-12T13:38:42.991506,8.36,8.89,24,37.5,0
2026-09-12T13:39:12.054965,8.36,8.91,24,37.5,0
2026-09-12T13:39:55.508099,8.36,9.08,24,37.5,0
2026-09-12T13:40:20.430446,8.36,9.08,24,37.5,0
2026-09-12T13:41:02.592160,8.36,8.97,24,37.5,0
2026-09-12T13:41:28.039887,8.36,9.03,24,37.5,0
2026-09-12T13:42:12.383090,8.36,9.03,24,37.5,0
2026-09-12T13:42:43.654535,8.36,8.74,24,37.5,0
2026-09-12T13:43:28.092486,8.36,8.53,24,37.5,0
2026-09-12T13:43:53.746418,8.36,8.70,24,37.5,0
2026-09-12T13:44:37.121066,8.36,8.74,24,37.5,0
2026-09-12T13:45:02.569325,8.36,8.59,24,37.5,0
2026-09-12T13:45:48.767870,8.36,8.55,24,37.5,0
2026-09-12T13:46:14.892551,8.36,8.51,24,37.5,0
2026-09-12T13:46:59.849815,8.36,8.61,24,37.5,0
2026-09-12T13:47:26.526710,8.36,8.72,24,37.5,0
2026-09-12T13:48:10.867524,8.36,8.59,24,37.5,0
2026-09-12T13:48:39.492134,8.36,8.42,24,37.5,0
2026-09-12T13:49:33.182930,8.36,8.53,24,37.5,0
2026-09-12T13:50:03.746443,8.36,8.39,24,37.5,0
2026-09-12T13:50:51.065488,8.36,8.28,24,37.5,0
2026-09-12T13:51:41.426555,8.51,8.28,25,40.0,0
2026-09-12T13:52:25.288986,8.51,8.26,25,40.0,0
2026-09-12T13:52:50.736239,8.51,8.32,25,40.0,0
2026-09-12T13:53:33.748162,8.51,8.26,25,40.0,0
2026-09-12T13:53:59.415874,8.51,8.22,25,40.0,0
2026-09-12T13:54:54.151292,8.51,8.19,25,40.0,0
2026-09-12T13:55:20.571980,8.51,8.41,25,40.0,0
2026-09-12T13:56:07.327245,8.51,8.45,25,40.0,0
2026-09-12T13:56:32.411680,8.51,8.34,25,40.0,0
2026-09-12T13:57:16.073993,8.51,8.22,25,40.0,0
2026-09-12T13:57:41.164263,8.51,8.15,25,40.0,0
2026-09-12T13:58:24.311073,8.51,8.24,25,40.0,0
2026-09-12T13:58:50.603532,8.51,8.43,25,40.0,0
2026-09-12T13:59:33.676895,8.51,8.50,25,40.0,0
2026-09-12T14:00:04.531751,8.51,8.59,25,40.0,0
2026-09-12T14:00:46.610316,8.51,8.59,25,40.0,0
2026-09-12T14:01:20.985467,8.51,8.59,25,40.0,0
2026-09-12T14:02:08.222067,8.51,8.60,25,40.0,0
2026-09-12T14:02:39.522354,8.51,8.54,25,40.0,0
2026-09-12T14:03:31.775128,8.51,8.32,25,40.0,0
2026-09-12T14:03:57.211692,8.51,8.32,25,40.0,0
2026-09-12T14:04:41.096410,8.51,8.32,25,40.0,0
2026-09-12T14:05:05.628071,8.51,8.26,25,40.0,0
2026-09-12T14:05:47.903306,8.51,8.20,25,40.0,0
2026-09-12T14:06:12.988206,8.51,8.20,25,40.0,0
2026-09-12T14:07:08.167928,8.29,8.16,26,38.5,0
2026-09-12T14:07:33.496044,8.29,8.10,26,38.5,0
2026-09-12T14:08:16.929207,8.29,8.12,26,38.5,0
2026-09-12T14:09:03.086436,8.09,8.09,27,37.0,0
2026-09-12T14:09:46.943125,8.09,8.02,27,37.0,0
2026-09-12T14:10:13.055626,8.09,8.09,27,37.0,0
2026-09-12T14:10:55.600630,8.09,8.00,27,37.0,0
2026-09-12T14:11:20.671985,8.09,8.09,27,37.0,0
2026-09-12T14:12:07.354284,8.09,8.45,27,37.0,0
2026-09-12T14:12:32.137748,8.09,8.41,27,37.0,0
2026-09-12T14:13:42.657888,8.09,8.33,27,37.0,0
2026-09-12T14:14:07.275236,8.09,8.33,27,37.0,0
2026-09-12T14:14:54.272919,8.09,8.37,27,37.0,0
2026-09-12T14:15:20.607948,8.09,8.37,27,37.0,0
2026-09-12T14:16:03.905066,8.09,8.37,27,37.0,0
2026-09-12T14:16:28.322532,8.09,8.31,27,37.0,0
2026-09-12T14:17:20.628692,8.09,8.31,27,37.0,0
2026-09-12T14:17:45.691148,8.09,7.84,27,37.0,0
2026-09-12T14:18:40.687680,8.09,7.88,27,37.0,0
2026-09-12T14:19:06.385586,8.09,7.92,27,37.0,0
2026-09-12T14:19:51.046515,8.09,7.94,27,37.0,0
2026-09-12T14:20:15.700540,8.09,7.96,27,37.0,0
2026-09-12T14:21:00.998706,8.09,7.98,27,37.0,0
2026-09-12T14:21:26.774304,8.09,8.00,27,37.0,0
2026-09-12T14:22:21.340969,8.09,8.06,27,37.0,0
2026-09-12T14:22:47.308653,8.09,8.13,27,37.0,0
2026-09-12T14:23:52.515948,8.09,7.98,27,37.0,0
2026-09-12T14:24:22.505306,8.09,7.94,27,37.0,0
2026-09-12T14:25:07.836426,8.09,7.94,27,37.0,0
2026-09-12T14:25:33.763330,8.09,7.96,27,37.0,0
2026-09-12T14:26:33.259838,7.91,7.91,28,35.7,49
2026-09-12T14:27:01.307645,7.91,7.91,28,35.7,48
2026-09-12T14:27:51.324475,7.91,7.91,28,35.7,47
2026-09-12T14:28:17.906682,7.91,7.91,28,35.7,46
2026-09-12T14:29:05.252666,7.91,7.91,28,35.7,45
2026-09-12T14:29:37.557846,7.91,7.91,28,35.7,44
2026-09-12T14:30:23.482613,7.91,7.91,28,35.7,43
2026-09-12T14:30:49.295054,7.91,7.91,28,35.7,42
2026-09-12T14:31:29.378696,7.91,7.91,28,35.7,41
2026-09-12T14:31:54.564348,7.91,7.91,28,35.7,40
2026-09-12T14:32:35.368625,7.91,7.91,28,35.7,39
2026-09-12T14:33:00.122989,7.91,7.91,28,35.7,38
2026-09-12T14:33:40.920465,7.91,7.91,28,35.7,37
2026-09-12T14:34:08.319854,7.91,7.91,28,35.7,36
2026-09-12T14:34:50.141081,7.91,7.91,28,35.7,35
2026-09-12T14:35:15.121776,7.91,7.91,28,35.7,34
2026-09-12T14:35:56.446455,7.91,7.91,28,35.7,33
2026-09-12T14:36:21.020306,7.91,7.91,28,35.7,32
2026-09-12T14:37:01.364235,7.91,7.91,28,35.7,31
2026-09-12T14:37:26.975156,7.91,7.91,28,35.7,30
2026-09-12T14:38:09.168104,7.91,7.91,28,35.7,29
2026-09-12T14:38:36.800364,7.91,7.91,28,35.7,28
2026-09-12T14:39:16.085735,7.91,7.91,28,35.7,27
2026-09-12T14:39:40.503604,7.91,7.91,28,35.7,26
2026-09-12T14:40:20.904046,7.91,7.91,28,35.7,25
2026-09-12T14:40:46.247170,7.91,7.91,28,35.7,24
2026-09-12T14:41:26.377760,7.91,7.91,28,35.7,23
2026-09-12T14:41:51.162642,7.91,7.91,28,35.7,22
2026-09-12T14:42:32.390859,7.91,7.91,28,35.7,21
2026-09-12T14:42:56.901253,7.91,7.91,28,35.7,20
2026-09-12T14:43:36.440444,7.91,7.91,28,35.7,19
2026-09-12T14:44:01.006381,7.91,7.91,28,35.7,18
2026-09-12T14:44:41.971227,7.91,7.91,28,35.7,17
2026-09-12T14:45:05.928631,7.91,7.91,28,35.7,16
2026-09-12T14:45:53.038002,7.91,7.91,28,35.7,15
2026-09-12T14:46:17.935220,7.91,7.91,28,35.7,14
2026-09-12T14:46:58.774988,7.91,7.91,28,35.7,13
2026-09-12T14:47:26.877449,7.91,7.91,28,35.7,12
2026-09-12T14:48:07.807072,7.91,7.91,28,35.7,11
2026-09-12T14:48:32.575609,7.91,7.91,28,35.7,10
2026-09-12T14:49:38.528404,7.91,7.91,28,35.7,9
2026-09-12T14:50:03.511494,7.91,7.91,28,35.7,8
2026-09-12T14:50:44.467761,7.91,7.91,28,35.7,7
2026-09-12T14:51:09.866002,7.91,7.91,28,35.7,6
2026-09-12T14:51:48.584430,7.91,7.91,28,35.7,5
2026-09-12T14:52:14.177575,7.91,7.91,28,35.7,4
2026-09-12T14:52:55.550770,7.91,7.91,28,35.7,3
2026-09-12T14:53:20.941543,7.91,7.91,28,35.7,2
2026-09-12T14:54:01.496415,7.91,7.91,28,35.7,1
2026-09-12T14:54:29.832231,7.91,7.91,28,35.7,0
2026-09-12T14:55:13.635203,7.91,7.91,28,35.7,0
2026-09-12T14:55:38.459444,7.91,7.91,28,35.7,0
2026-09-12T14:56:21.290025,7.91,7.91,28,35.7,0
2026-09-12T14:56:46.486154,7.91,7.91,28,35.7,0
2026-09-12T14:57:30.018378,7.91,7.91,28,35.7,0
2026-09-12T14:57:55.283672,7.91,7.91,28,35.7,0
2026-09-12T14:58:39.651367,7.91,7.91,28,35.7,0
2026-09-12T14:59:05.214045,7.91,7.91,28,35.7,0
2026-09-12T14:59:53.188991,7.91,7.91,28,35.7,0
2026-09-12T15:00:28.057623,7.91,7.91,28,35.7,0
2026-09-12T15:01:12.624460,7.91,7.91,28,35.7,0
2026-09-12T15:01:38.076862,7.91,7.91,28,35.7,0
2026-09-12T15:02:21.730640,7.91,7.91,28,35.7,0
2026-09-12T15:02:46.907291,7.91,7.91,28,35.7,0
2026-09-12T15:03:33.754116,7.91,7.91,28,35.7,0
2026-09-12T15:04:13.189614,7.91,7.91,28,35.7,0
2026-09-12T15:04:56.191838,7.91,7.81,28,35.7,0
2026-09-12T15:05:21.040289,7.91,7.71,28,35.7,0
2026-09-12T15:06:06.451192,7.91,7.57,28,35.7,0
2026-09-12T15:06:30.948663,7.91,7.60,28,35.7,0
2026-09-12T15:07:14.403511,7.91,7.57,28,35.7,0
2026-09-12T15:07:39.719365,7.91,7.55,28,35.7,0
2026-09-12T15:08:22.409132,7.91,7.57,28,35.7,0
2026-09-12T15:08:47.953309,7.91,7.53,28,35.7,0
2026-09-12T15:09:30.466522,7.91,7.50,28,35.7,0
2026-09-12T15:09:56.006865,7.91,7.53,28,35.7,0
2026-09-12T15:10:51.883056,7.91,7.60,28,35.7,0
2026-09-12T15:11:28.247559,7.91,7.53,28,35.7,0
2026-09-12T15:12:12.039870,7.91,7.49,28,35.7,0
2026-09-12T15:12:53.835195,7.40,7.40,29,34.5,0
2026-09-12T15:13:40.548530,7.40,7.40,29,34.5,0
2026-09-12T15:14:09.188290,7.40,7.40,29,34.5,0
2026-09-12T15:14:54.387419,7.40,7.40,29,34.5,0
2026-09-12T15:15:19.514806,7.40,7.40,29,34.5,0
2026-09-12T15:16:08.267347,7.40,7.40,29,34.5,0
2026-09-12T15:16:34.230820,7.40,7.40,29,34.5,0
2026-09-12T15:17:17.352007,7.40,7.40,29,34.5,0
2026-09-12T15:17:42.879452,7.40,7.40,29,34.5,0
2026-09-12T15:18:25.734673,7.40,7.40,29,34.5,0
2026-09-12T15:18:50.792165,7.40,7.40,29,34.5,0
2026-09-12T15:19:33.762293,7.40,7.40,29,34.5,0
2026-09-12T15:19:59.244588,7.40,7.40,29,34.5,0
2026-09-12T15:20:42.375918,7.40,7.40,29,34.5,0
2026-09-12T15:21:07.274299,7.40,7.40,29,34.5,0
2026-09-12T15:21:54.735654,7.40,7.40,29,34.5,0
2026-09-12T15:22:28.623680,7.40,7.40,29,34.5,0
2026-09-12T15:23:11.880179,7.40,7.40,29,34.5,0
2026-09-12T15:23:37.597063,7.40,7.40,29,34.5,0
2026-09-12T15:24:22.947907,7.40,7.40,29,34.5,0
2026-09-12T15:24:48.124072,7.40,7.40,29,34.5,0
2026-09-12T15:25:57.862413,7.40,7.40,29,34.5,0
2026-09-12T15:26:27.347474,7.40,7.40,29,34.5,0
2026-09-12T15:27:10.973410,7.40,7.40,29,34.5,0
2026-09-12T15:27:41.723656,7.40,7.40,29,34.5,0
2026-09-12T15:28:28.799083,7.40,7.40,29,34.5,0
2026-09-12T15:28:59.412381,7.40,7.40,29,34.5,0
2026-09-12T15:29:44.897205,7.40,7.40,29,34.5,0
2026-09-12T15:30:10.385163,7.40,7.40,29,34.5,0
2026-09-12T15:30:59.493549,7.40,7.40,29,34.5,0
2026-09-12T15:31:30.565858,7.40,7.40,29,34.5,0
2026-09-12T15:32:15.272442,7.40,7.40,29,34.5,0
2026-09-12T15:32:41.439193,7.40,7.40,29,34.5,0
2026-09-12T15:33:27.401147,7.40,7.40,29,34.5,0
2026-09-12T15:33:52.969102,7.40,7.40,29,34.5,0
2026-09-12T15:34:37.053024,7.40,7.40,29,34.5,0
2026-09-12T15:35:14.748596,7.40,7.40,29,34.5,0
2026-09-12T15:36:07.444029,7.40,7.40,29,34.5,0
2026-09-12T15:36:44.779892,7.40,7.40,29,34.5,0
2026-09-12T15:37:29.184149,7.40,7.40,29,34.5,0
2026-09-12T15:38:02.250921,7.40,7.40,29,34.5,0
2026-09-12T15:38:50.668814,7.40,7.40,29,34.5,0
2026-09-12T15:39:16.348333,7.40,7.40,29,34.5,0
2026-09-12T15:40:05.246980,7.40,7.40,29,34.5,0
2026-09-12T15:40:31.487778,7.40,7.40,29,34.5,0
2026-09-12T15:41:22.616521,7.40,7.40,29,34.5,0
2026-09-12T15:41:48.003358,7.40,7.40,29,34.5,0
2026-09-12T15:42:36.560726,7.40,7.40,29,34.5,0
2026-09-12T15:43:07.593574,7.40,7.40,29,34.5,0
2026-09-12T15:43:54.137930,7.40,7.40,29,34.5,0
2026-09-12T15:44:19.269804,7.40,7.40,29,34.5,0
2026-09-12T15:45:04.317653,7.40,7.40,29,34.5,0
2026-09-12T15:45:37.271413,7.40,7.40,29,34.5,0
2026-09-12T15:46:21.333599,7.40,7.40,29,34.5,0
2026-09-12T15:46:56.445397,7.40,7.40,29,34.5,0
2026-09-12T15:47:44.930924,7.40,7.40,29,34.5,0
2026-09-12T15:48:16.731857,7.40,7.40,29,34.5,0
2026-09-12T15:49:10.085339,7.40,7.40,29,34.5,0
2026-09-12T15:49:38.667049,7.40,7.40,29,34.5,0
2026-09-12T15:50:23.136162,7.40,7.40,29,34.5,0
2026-09-12T15:50:48.150617,7.40,7.40,29,34.5,0
2026-09-12T15:51:40.827369,7.40,7.40,29,34.5,0
2026-09-12T15:52:06.555560,7.40,7.40,29,34.5,0
2026-09-12T15:52:53.013699,7.40,7.40,29,34.5,0
2026-09-12T15:53:17.778077,7.40,7.40,29,34.5,0
2026-09-12T15:54:03.838203,7.40,7.40,29,34.5,0
2026-09-12T15:54:30.490006,7.40,7.40,29,34.5,0
2026-09-12T15:55:15.661690,7.40,7.40,29,34.5,0
2026-09-12T15:55:43.163849,7.40,7.40,29,34.5,0
2026-09-12T15:56:27.793524,7.40,7.40,29,34.5,0
2026-09-12T15:56:58.013853,7.40,7.40,29,34.5,0
2026-09-12T15:57:54.006368,7.40,7.40,29,34.5,0
2026-09-12T15:58:30.492739,7.40,7.40,29,34.5,0
2026-09-12T16:05:00.468645,7.40,7.40,29,34.5,0
2026-09-12T16:05:43.227278,7.40,7.40,29,34.5,0
2026-09-12T16:06:13.228258,7.40,7.40,29,34.5,0
2026-09-12T16:06:56.664233,7.40,7.40,29,34.5,0
2026-09-12T16:29:59.279756,7.40,7.40,29,34.5,0
2026-09-12T18:34:19.013909,6.93,6.93,30,33.3,0
2026-09-12T18:36:55.070414,6.93,6.93,30,33.3,0
2026-09-12T18:38:33.516974,6.49,6.49,31,32.3,49
2026-09-12T18:39:36.937405,6.49,6.49,31,32.3,48
2026-09-12T18:40:23.009045,6.49,6.49,31,32.3,47
2026-09-12T18:41:27.768566,6.49,6.49,31,32.3,46
2026-09-12T18:42:59.389435,6.49,6.49,31,32.3,45
2026-09-12T18:44:20.594831,6.49,6.49,31,32.3,44
2026-09-12T18:45:41.512092,6.49,6.49,31,32.3,43
